<annotation>
    <folder>From-Labelbox-license-characters-593images</folder>
    <filename>ckicuba190008246a3sunoeg2.jpeg</filename>
    <path>/home/riotu/Object Detection/Datasets/Car-detection/License-characters/From-Labelbox-license-characters-593images/ckicuba190008246a3sunoeg2.jpeg</path>
    <source>
        <database>Unknown</database>
    </source>
    <size>
        <width>319</width>
        <height>158</height>
        <depth>3</depth>
    </size>
    <segmented>0</segmented>
    <object>
        <name>7</name>
        <pose>Unspecified</pose>
        <truncated>0</truncated>
        <difficult>0</difficult>
        <bndbox>
                <xmin>13</xmin>
                <ymin>15</ymin>
                <xmax>44</xmax>
                <ymax>147</ymax>
            </bndbox>
        </object>
    <object>
        <name>1</name>
        <pose>Unspecified</pose>
        <truncated>0</truncated>
        <difficult>0</difficult>
        <bndbox>
                <xmin>53</xmin>
                <ymin>15</ymin>
                <xmax>75</xmax>
                <ymax>146</ymax>
            </bndbox>
        </object>
    <object>
        <name>5</name>
        <pose>Unspecified</pose>
        <truncated>0</truncated>
        <difficult>0</difficult>
        <bndbox>
                <xmin>83</xmin>
                <ymin>24</ymin>
                <xmax>114</xmax>
                <ymax>147</ymax>
            </bndbox>
        </object>
    <object>
        <name>8</name>
        <pose>Unspecified</pose>
        <truncated>0</truncated>
        <difficult>0</difficult>
        <bndbox>
                <xmin>118</xmin>
                <ymin>14</ymin>
                <xmax>148</xmax>
                <ymax>146</ymax>
            </bndbox>
        </object>
    <object>
        <name>G</name>
        <pose>Unspecified</pose>
        <truncated>0</truncated>
        <difficult>0</difficult>
        <bndbox>
                <xmin>166</xmin>
                <ymin>26</ymin>
                <xmax>193</xmax>
                <ymax>137</ymax>
            </bndbox>
        </object>
    <object>
        <name>G</name>
        <pose>Unspecified</pose>
        <truncated>0</truncated>
        <difficult>0</difficult>
        <bndbox>
                <xmin>200</xmin>
                <ymin>27</ymin>
                <xmax>228</xmax>
                <ymax>137</ymax>
            </bndbox>
        </object>
    <object>
        <name>A</name>
        <pose>Unspecified</pose>
        <truncated>0</truncated>
        <difficult>0</difficult>
        <bndbox>
                <xmin>234</xmin>
                <ymin>26</ymin>
                <xmax>258</xmax>
                <ymax>138</ymax>
            </bndbox>
        </object>
    </annotation>
