<annotation>
    <folder>From-Labelbox-license-characters-593images</folder>
    <filename>ckicy0gdl0010246aqtbhsypi.jpeg</filename>
    <path>/home/riotu/Object Detection/Datasets/Car-detection/License-characters/From-Labelbox-license-characters-593images/ckicy0gdl0010246aqtbhsypi.jpeg</path>
    <source>
        <database>Unknown</database>
    </source>
    <size>
        <width>110</width>
        <height>59</height>
        <depth>3</depth>
    </size>
    <segmented>0</segmented>
    <object>
        <name>1</name>
        <pose>Unspecified</pose>
        <truncated>0</truncated>
        <difficult>0</difficult>
        <bndbox>
                <xmin>26</xmin>
                <ymin>9</ymin>
                <xmax>34</xmax>
                <ymax>54</ymax>
            </bndbox>
        </object>
    <object>
        <name>S</name>
        <pose>Unspecified</pose>
        <truncated>0</truncated>
        <difficult>0</difficult>
        <bndbox>
                <xmin>57</xmin>
                <ymin>15</ymin>
                <xmax>67</xmax>
                <ymax>51</ymax>
            </bndbox>
        </object>
    <object>
        <name>S</name>
        <pose>Unspecified</pose>
        <truncated>0</truncated>
        <difficult>0</difficult>
        <bndbox>
                <xmin>68</xmin>
                <ymin>14</ymin>
                <xmax>78</xmax>
                <ymax>51</ymax>
            </bndbox>
        </object>
    <object>
        <name>S</name>
        <pose>Unspecified</pose>
        <truncated>0</truncated>
        <difficult>0</difficult>
        <bndbox>
                <xmin>80</xmin>
                <ymin>14</ymin>
                <xmax>89</xmax>
                <ymax>51</ymax>
            </bndbox>
        </object>
    </annotation>
