<annotation>
    <folder>From-Labelbox-license-characters-593images</folder>
    <filename>ckicz6yqy001n246aes5gr98i.jpeg</filename>
    <path>/home/riotu/Object Detection/Datasets/Car-detection/License-characters/From-Labelbox-license-characters-593images/ckicz6yqy001n246aes5gr98i.jpeg</path>
    <source>
        <database>Unknown</database>
    </source>
    <size>
        <width>404</width>
        <height>207</height>
        <depth>3</depth>
    </size>
    <segmented>0</segmented>
    <object>
        <name>7</name>
        <pose>Unspecified</pose>
        <truncated>0</truncated>
        <difficult>0</difficult>
        <bndbox>
                <xmin>32</xmin>
                <ymin>29</ymin>
                <xmax>67</xmax>
                <ymax>191</ymax>
            </bndbox>
        </object>
    <object>
        <name>8</name>
        <pose>Unspecified</pose>
        <truncated>0</truncated>
        <difficult>0</difficult>
        <bndbox>
                <xmin>73</xmin>
                <ymin>29</ymin>
                <xmax>108</xmax>
                <ymax>191</ymax>
            </bndbox>
        </object>
    <object>
        <name>3</name>
        <pose>Unspecified</pose>
        <truncated>0</truncated>
        <difficult>0</difficult>
        <bndbox>
                <xmin>116</xmin>
                <ymin>27</ymin>
                <xmax>151</xmax>
                <ymax>191</ymax>
            </bndbox>
        </object>
    <object>
        <name>6</name>
        <pose>Unspecified</pose>
        <truncated>0</truncated>
        <difficult>0</difficult>
        <bndbox>
                <xmin>154</xmin>
                <ymin>28</ymin>
                <xmax>190</xmax>
                <ymax>190</ymax>
            </bndbox>
        </object>
    <object>
        <name>V</name>
        <pose>Unspecified</pose>
        <truncated>0</truncated>
        <difficult>0</difficult>
        <bndbox>
                <xmin>219</xmin>
                <ymin>40</ymin>
                <xmax>253</xmax>
                <ymax>180</ymax>
            </bndbox>
        </object>
    <object>
        <name>X</name>
        <pose>Unspecified</pose>
        <truncated>0</truncated>
        <difficult>0</difficult>
        <bndbox>
                <xmin>261</xmin>
                <ymin>47</ymin>
                <xmax>292</xmax>
                <ymax>178</ymax>
            </bndbox>
        </object>
    <object>
        <name>J</name>
        <pose>Unspecified</pose>
        <truncated>0</truncated>
        <difficult>0</difficult>
        <bndbox>
                <xmin>304</xmin>
                <ymin>39</ymin>
                <xmax>337</xmax>
                <ymax>178</ymax>
            </bndbox>
        </object>
    </annotation>
