<annotation>
    <folder>From-Labelbox-license-characters-593images</folder>
    <filename>ckiczrifx0020246ay8apfbfi.jpeg</filename>
    <path>/home/riotu/Object Detection/Datasets/Car-detection/License-characters/From-Labelbox-license-characters-593images/ckiczrifx0020246ay8apfbfi.jpeg</path>
    <source>
        <database>Unknown</database>
    </source>
    <size>
        <width>269</width>
        <height>137</height>
        <depth>3</depth>
    </size>
    <segmented>0</segmented>
    <object>
        <name>8</name>
        <pose>Unspecified</pose>
        <truncated>0</truncated>
        <difficult>0</difficult>
        <bndbox>
                <xmin>20</xmin>
                <ymin>15</ymin>
                <xmax>43</xmax>
                <ymax>121</ymax>
            </bndbox>
        </object>
    <object>
        <name>8</name>
        <pose>Unspecified</pose>
        <truncated>0</truncated>
        <difficult>0</difficult>
        <bndbox>
                <xmin>49</xmin>
                <ymin>16</ymin>
                <xmax>71</xmax>
                <ymax>121</ymax>
            </bndbox>
        </object>
    <object>
        <name>3</name>
        <pose>Unspecified</pose>
        <truncated>0</truncated>
        <difficult>0</difficult>
        <bndbox>
                <xmin>76</xmin>
                <ymin>16</ymin>
                <xmax>98</xmax>
                <ymax>123</ymax>
            </bndbox>
        </object>
    <object>
        <name>6</name>
        <pose>Unspecified</pose>
        <truncated>0</truncated>
        <difficult>0</difficult>
        <bndbox>
                <xmin>100</xmin>
                <ymin>15</ymin>
                <xmax>126</xmax>
                <ymax>123</ymax>
            </bndbox>
        </object>
    <object>
        <name>X</name>
        <pose>Unspecified</pose>
        <truncated>0</truncated>
        <difficult>0</difficult>
        <bndbox>
                <xmin>139</xmin>
                <ymin>29</ymin>
                <xmax>159</xmax>
                <ymax>116</ymax>
            </bndbox>
        </object>
    <object>
        <name>N</name>
        <pose>Unspecified</pose>
        <truncated>0</truncated>
        <difficult>0</difficult>
        <bndbox>
                <xmin>167</xmin>
                <ymin>24</ymin>
                <xmax>188</xmax>
                <ymax>116</ymax>
            </bndbox>
        </object>
    <object>
        <name>B</name>
        <pose>Unspecified</pose>
        <truncated>0</truncated>
        <difficult>0</difficult>
        <bndbox>
                <xmin>194</xmin>
                <ymin>34</ymin>
                <xmax>215</xmax>
                <ymax>115</ymax>
            </bndbox>
        </object>
    </annotation>
