<annotation>
    <folder>From-Labelbox-license-characters-593images</folder>
    <filename>ckiczopdl001y246azg9zegkp.jpeg</filename>
    <path>/home/riotu/Object Detection/Datasets/Car-detection/License-characters/From-Labelbox-license-characters-593images/ckiczopdl001y246azg9zegkp.jpeg</path>
    <source>
        <database>Unknown</database>
    </source>
    <size>
        <width>481</width>
        <height>212</height>
        <depth>3</depth>
    </size>
    <segmented>0</segmented>
    <object>
        <name>1</name>
        <pose>Unspecified</pose>
        <truncated>0</truncated>
        <difficult>0</difficult>
        <bndbox>
                <xmin>40</xmin>
                <ymin>31</ymin>
                <xmax>74</xmax>
                <ymax>194</ymax>
            </bndbox>
        </object>
    <object>
        <name>0</name>
        <pose>Unspecified</pose>
        <truncated>0</truncated>
        <difficult>0</difficult>
        <bndbox>
                <xmin>83</xmin>
                <ymin>57</ymin>
                <xmax>130</xmax>
                <ymax>196</ymax>
            </bndbox>
        </object>
    <object>
        <name>9</name>
        <pose>Unspecified</pose>
        <truncated>0</truncated>
        <difficult>0</difficult>
        <bndbox>
                <xmin>135</xmin>
                <ymin>28</ymin>
                <xmax>180</xmax>
                <ymax>198</ymax>
            </bndbox>
        </object>
    <object>
        <name>6</name>
        <pose>Unspecified</pose>
        <truncated>0</truncated>
        <difficult>0</difficult>
        <bndbox>
                <xmin>185</xmin>
                <ymin>27</ymin>
                <xmax>236</xmax>
                <ymax>197</ymax>
            </bndbox>
        </object>
    <object>
        <name>K</name>
        <pose>Unspecified</pose>
        <truncated>0</truncated>
        <difficult>0</difficult>
        <bndbox>
                <xmin>267</xmin>
                <ymin>41</ymin>
                <xmax>306</xmax>
                <ymax>188</ymax>
            </bndbox>
        </object>
    <object>
        <name>L</name>
        <pose>Unspecified</pose>
        <truncated>0</truncated>
        <difficult>0</difficult>
        <bndbox>
                <xmin>319</xmin>
                <ymin>40</ymin>
                <xmax>354</xmax>
                <ymax>186</ymax>
            </bndbox>
        </object>
    <object>
        <name>B</name>
        <pose>Unspecified</pose>
        <truncated>0</truncated>
        <difficult>0</difficult>
        <bndbox>
                <xmin>371</xmin>
                <ymin>58</ymin>
                <xmax>407</xmax>
                <ymax>187</ymax>
            </bndbox>
        </object>
    </annotation>
