<annotation>
    <folder>From-Labelbox-license-characters-593images</folder>
    <filename>ckicylr5t001a246aiuxwcjks.jpeg</filename>
    <path>/home/riotu/Object Detection/Datasets/Car-detection/License-characters/From-Labelbox-license-characters-593images/ckicylr5t001a246aiuxwcjks.jpeg</path>
    <source>
        <database>Unknown</database>
    </source>
    <size>
        <width>410</width>
        <height>191</height>
        <depth>3</depth>
    </size>
    <segmented>0</segmented>
    <object>
        <name>7</name>
        <pose>Unspecified</pose>
        <truncated>0</truncated>
        <difficult>0</difficult>
        <bndbox>
                <xmin>38</xmin>
                <ymin>33</ymin>
                <xmax>75</xmax>
                <ymax>178</ymax>
            </bndbox>
        </object>
    <object>
        <name>0</name>
        <pose>Unspecified</pose>
        <truncated>0</truncated>
        <difficult>0</difficult>
        <bndbox>
                <xmin>79</xmin>
                <ymin>56</ymin>
                <xmax>116</xmax>
                <ymax>174</ymax>
            </bndbox>
        </object>
    <object>
        <name>9</name>
        <pose>Unspecified</pose>
        <truncated>0</truncated>
        <difficult>0</difficult>
        <bndbox>
                <xmin>123</xmin>
                <ymin>27</ymin>
                <xmax>156</xmax>
                <ymax>168</ymax>
            </bndbox>
        </object>
    <object>
        <name>0</name>
        <pose>Unspecified</pose>
        <truncated>0</truncated>
        <difficult>0</difficult>
        <bndbox>
                <xmin>163</xmin>
                <ymin>50</ymin>
                <xmax>200</xmax>
                <ymax>169</ymax>
            </bndbox>
        </object>
    <object>
        <name>H</name>
        <pose>Unspecified</pose>
        <truncated>0</truncated>
        <difficult>0</difficult>
        <bndbox>
                <xmin>224</xmin>
                <ymin>37</ymin>
                <xmax>257</xmax>
                <ymax>157</ymax>
            </bndbox>
        </object>
    <object>
        <name>H</name>
        <pose>Unspecified</pose>
        <truncated>0</truncated>
        <difficult>0</difficult>
        <bndbox>
                <xmin>269</xmin>
                <ymin>36</ymin>
                <xmax>303</xmax>
                <ymax>153</ymax>
            </bndbox>
        </object>
    <object>
        <name>J</name>
        <pose>Unspecified</pose>
        <truncated>0</truncated>
        <difficult>0</difficult>
        <bndbox>
                <xmin>312</xmin>
                <ymin>27</ymin>
                <xmax>342</xmax>
                <ymax>151</ymax>
            </bndbox>
        </object>
    </annotation>
