<annotation>
    <folder>From-Labelbox-license-characters-593images</folder>
    <filename>ckicuhdif000b246a6jak4g6p.jpeg</filename>
    <path>/home/riotu/Object Detection/Datasets/Car-detection/License-characters/From-Labelbox-license-characters-593images/ckicuhdif000b246a6jak4g6p.jpeg</path>
    <source>
        <database>Unknown</database>
    </source>
    <size>
        <width>2506</width>
        <height>1303</height>
        <depth>3</depth>
    </size>
    <segmented>0</segmented>
    <object>
        <name>3</name>
        <pose>Unspecified</pose>
        <truncated>0</truncated>
        <difficult>0</difficult>
        <bndbox>
                <xmin>116</xmin>
                <ymin>121</ymin>
                <xmax>354</xmax>
                <ymax>1179</ymax>
            </bndbox>
        </object>
    <object>
        <name>6</name>
        <pose>Unspecified</pose>
        <truncated>0</truncated>
        <difficult>0</difficult>
        <bndbox>
                <xmin>388</xmin>
                <ymin>132</ymin>
                <xmax>620</xmax>
                <ymax>1181</ymax>
            </bndbox>
        </object>
    <object>
        <name>9</name>
        <pose>Unspecified</pose>
        <truncated>0</truncated>
        <difficult>0</difficult>
        <bndbox>
                <xmin>662</xmin>
                <ymin>118</ymin>
                <xmax>887</xmax>
                <ymax>1182</ymax>
            </bndbox>
        </object>
    <object>
        <name>0</name>
        <pose>Unspecified</pose>
        <truncated>0</truncated>
        <difficult>0</difficult>
        <bndbox>
                <xmin>924</xmin>
                <ymin>300</ymin>
                <xmax>1150</xmax>
                <ymax>1184</ymax>
            </bndbox>
        </object>
    <object>
        <name>J</name>
        <pose>Unspecified</pose>
        <truncated>0</truncated>
        <difficult>0</difficult>
        <bndbox>
                <xmin>1304</xmin>
                <ymin>206</ymin>
                <xmax>1495</xmax>
                <ymax>1098</ymax>
            </bndbox>
        </object>
    <object>
        <name>B</name>
        <pose>Unspecified</pose>
        <truncated>0</truncated>
        <difficult>0</difficult>
        <bndbox>
                <xmin>1572</xmin>
                <ymin>297</ymin>
                <xmax>1761</xmax>
                <ymax>1097</ymax>
            </bndbox>
        </object>
    <object>
        <name>A</name>
        <pose>Unspecified</pose>
        <truncated>0</truncated>
        <difficult>0</difficult>
        <bndbox>
                <xmin>1839</xmin>
                <ymin>214</ymin>
                <xmax>2016</xmax>
                <ymax>1101</ymax>
            </bndbox>
        </object>
    </annotation>
