<annotation>
    <folder>From-Labelbox-license-characters-593images</folder>
    <filename>ckicu4p9f0005246a6fsh626t.jpeg</filename>
    <path>/home/riotu/Object Detection/Datasets/Car-detection/License-characters/From-Labelbox-license-characters-593images/ckicu4p9f0005246a6fsh626t.jpeg</path>
    <source>
        <database>Unknown</database>
    </source>
    <size>
        <width>313</width>
        <height>161</height>
        <depth>3</depth>
    </size>
    <segmented>0</segmented>
    <object>
        <name>4</name>
        <pose>Unspecified</pose>
        <truncated>0</truncated>
        <difficult>0</difficult>
        <bndbox>
                <xmin>13</xmin>
                <ymin>14</ymin>
                <xmax>43</xmax>
                <ymax>149</ymax>
            </bndbox>
        </object>
    <object>
        <name>5</name>
        <pose>Unspecified</pose>
        <truncated>0</truncated>
        <difficult>0</difficult>
        <bndbox>
                <xmin>48</xmin>
                <ymin>24</ymin>
                <xmax>75</xmax>
                <ymax>148</ymax>
            </bndbox>
        </object>
    <object>
        <name>6</name>
        <pose>Unspecified</pose>
        <truncated>0</truncated>
        <difficult>0</difficult>
        <bndbox>
                <xmin>80</xmin>
                <ymin>14</ymin>
                <xmax>109</xmax>
                <ymax>150</ymax>
            </bndbox>
        </object>
    <object>
        <name>5</name>
        <pose>Unspecified</pose>
        <truncated>0</truncated>
        <difficult>0</difficult>
        <bndbox>
                <xmin>115</xmin>
                <ymin>25</ymin>
                <xmax>143</xmax>
                <ymax>149</ymax>
            </bndbox>
        </object>
    <object>
        <name>K</name>
        <pose>Unspecified</pose>
        <truncated>0</truncated>
        <difficult>0</difficult>
        <bndbox>
                <xmin>160</xmin>
                <ymin>25</ymin>
                <xmax>185</xmax>
                <ymax>141</ymax>
            </bndbox>
        </object>
    <object>
        <name>A</name>
        <pose>Unspecified</pose>
        <truncated>0</truncated>
        <difficult>0</difficult>
        <bndbox>
                <xmin>195</xmin>
                <ymin>24</ymin>
                <xmax>217</xmax>
                <ymax>141</ymax>
            </bndbox>
        </object>
    <object>
        <name>A</name>
        <pose>Unspecified</pose>
        <truncated>0</truncated>
        <difficult>0</difficult>
        <bndbox>
                <xmin>229</xmin>
                <ymin>26</ymin>
                <xmax>251</xmax>
                <ymax>141</ymax>
            </bndbox>
        </object>
    </annotation>
