<annotation>
    <folder>From-Labelbox-license-characters-593images</folder>
    <filename>ckiczqd2i001z246an3qwxca9.jpeg</filename>
    <path>/home/riotu/Object Detection/Datasets/Car-detection/License-characters/From-Labelbox-license-characters-593images/ckiczqd2i001z246an3qwxca9.jpeg</path>
    <source>
        <database>Unknown</database>
    </source>
    <size>
        <width>339</width>
        <height>184</height>
        <depth>3</depth>
    </size>
    <segmented>0</segmented>
    <object>
        <name>9</name>
        <pose>Unspecified</pose>
        <truncated>0</truncated>
        <difficult>0</difficult>
        <bndbox>
                <xmin>26</xmin>
                <ymin>30</ymin>
                <xmax>61</xmax>
                <ymax>162</ymax>
            </bndbox>
        </object>
    <object>
        <name>7</name>
        <pose>Unspecified</pose>
        <truncated>0</truncated>
        <difficult>0</difficult>
        <bndbox>
                <xmin>63</xmin>
                <ymin>33</ymin>
                <xmax>94</xmax>
                <ymax>164</ymax>
            </bndbox>
        </object>
    <object>
        <name>1</name>
        <pose>Unspecified</pose>
        <truncated>0</truncated>
        <difficult>0</difficult>
        <bndbox>
                <xmin>100</xmin>
                <ymin>29</ymin>
                <xmax>125</xmax>
                <ymax>162</ymax>
            </bndbox>
        </object>
    <object>
        <name>7</name>
        <pose>Unspecified</pose>
        <truncated>0</truncated>
        <difficult>0</difficult>
        <bndbox>
                <xmin>132</xmin>
                <ymin>28</ymin>
                <xmax>164</xmax>
                <ymax>160</ymax>
            </bndbox>
        </object>
    <object>
        <name>B</name>
        <pose>Unspecified</pose>
        <truncated>0</truncated>
        <difficult>0</difficult>
        <bndbox>
                <xmin>187</xmin>
                <ymin>48</ymin>
                <xmax>219</xmax>
                <ymax>151</ymax>
            </bndbox>
        </object>
    <object>
        <name>A</name>
        <pose>Unspecified</pose>
        <truncated>0</truncated>
        <difficult>0</difficult>
        <bndbox>
                <xmin>228</xmin>
                <ymin>35</ymin>
                <xmax>253</xmax>
                <ymax>151</ymax>
            </bndbox>
        </object>
    <object>
        <name>J</name>
        <pose>Unspecified</pose>
        <truncated>0</truncated>
        <difficult>0</difficult>
        <bndbox>
                <xmin>257</xmin>
                <ymin>31</ymin>
                <xmax>287</xmax>
                <ymax>149</ymax>
            </bndbox>
        </object>
    </annotation>
