<annotation>
    <folder>From-Labelbox-license-characters-593images</folder>
    <filename>ckicy9w2m0017246ajcvuh90q.png</filename>
    <path>/home/riotu/Object Detection/Datasets/Car-detection/License-characters/From-Labelbox-license-characters-593images/ckicy9w2m0017246ajcvuh90q.png</path>
    <source>
        <database>Unknown</database>
    </source>
    <size>
        <width>198</width>
        <height>111</height>
        <depth>3</depth>
    </size>
    <segmented>0</segmented>
    <object>
        <name>5</name>
        <pose>Unspecified</pose>
        <truncated>0</truncated>
        <difficult>0</difficult>
        <bndbox>
                <xmin>19</xmin>
                <ymin>23</ymin>
                <xmax>36</xmax>
                <ymax>95</ymax>
            </bndbox>
        </object>
    <object>
        <name>3</name>
        <pose>Unspecified</pose>
        <truncated>0</truncated>
        <difficult>0</difficult>
        <bndbox>
                <xmin>39</xmin>
                <ymin>18</ymin>
                <xmax>56</xmax>
                <ymax>95</ymax>
            </bndbox>
        </object>
    <object>
        <name>4</name>
        <pose>Unspecified</pose>
        <truncated>0</truncated>
        <difficult>0</difficult>
        <bndbox>
                <xmin>60</xmin>
                <ymin>17</ymin>
                <xmax>75</xmax>
                <ymax>94</ymax>
            </bndbox>
        </object>
    <object>
        <name>9</name>
        <pose>Unspecified</pose>
        <truncated>0</truncated>
        <difficult>0</difficult>
        <bndbox>
                <xmin>79</xmin>
                <ymin>17</ymin>
                <xmax>96</xmax>
                <ymax>94</ymax>
            </bndbox>
        </object>
    <object>
        <name>L</name>
        <pose>Unspecified</pose>
        <truncated>0</truncated>
        <difficult>0</difficult>
        <bndbox>
                <xmin>107</xmin>
                <ymin>23</ymin>
                <xmax>123</xmax>
                <ymax>89</ymax>
            </bndbox>
        </object>
    <object>
        <name>V</name>
        <pose>Unspecified</pose>
        <truncated>0</truncated>
        <difficult>0</difficult>
        <bndbox>
                <xmin>127</xmin>
                <ymin>23</ymin>
                <xmax>143</xmax>
                <ymax>89</ymax>
            </bndbox>
        </object>
    <object>
        <name>J</name>
        <pose>Unspecified</pose>
        <truncated>0</truncated>
        <difficult>0</difficult>
        <bndbox>
                <xmin>147</xmin>
                <ymin>22</ymin>
                <xmax>163</xmax>
                <ymax>89</ymax>
            </bndbox>
        </object>
    </annotation>
