<annotation>
    <folder>From-Labelbox-license-characters-593images</folder>
    <filename>ckiczsqt30021246at3gyxfcb.jpeg</filename>
    <path>/home/riotu/Object Detection/Datasets/Car-detection/License-characters/From-Labelbox-license-characters-593images/ckiczsqt30021246at3gyxfcb.jpeg</path>
    <source>
        <database>Unknown</database>
    </source>
    <size>
        <width>478</width>
        <height>257</height>
        <depth>3</depth>
    </size>
    <segmented>0</segmented>
    <object>
        <name>7</name>
        <pose>Unspecified</pose>
        <truncated>0</truncated>
        <difficult>0</difficult>
        <bndbox>
                <xmin>40</xmin>
                <ymin>37</ymin>
                <xmax>85</xmax>
                <ymax>232</ymax>
            </bndbox>
        </object>
    <object>
        <name>4</name>
        <pose>Unspecified</pose>
        <truncated>0</truncated>
        <difficult>0</difficult>
        <bndbox>
                <xmin>90</xmin>
                <ymin>38</ymin>
                <xmax>135</xmax>
                <ymax>228</ymax>
            </bndbox>
        </object>
    <object>
        <name>6</name>
        <pose>Unspecified</pose>
        <truncated>0</truncated>
        <difficult>0</difficult>
        <bndbox>
                <xmin>138</xmin>
                <ymin>32</ymin>
                <xmax>185</xmax>
                <ymax>227</ymax>
            </bndbox>
        </object>
    <object>
        <name>3</name>
        <pose>Unspecified</pose>
        <truncated>0</truncated>
        <difficult>0</difficult>
        <bndbox>
                <xmin>191</xmin>
                <ymin>30</ymin>
                <xmax>236</xmax>
                <ymax>226</ymax>
            </bndbox>
        </object>
    <object>
        <name>J</name>
        <pose>Unspecified</pose>
        <truncated>0</truncated>
        <difficult>0</difficult>
        <bndbox>
                <xmin>264</xmin>
                <ymin>43</ymin>
                <xmax>305</xmax>
                <ymax>210</ymax>
            </bndbox>
        </object>
    <object>
        <name>R</name>
        <pose>Unspecified</pose>
        <truncated>0</truncated>
        <difficult>0</difficult>
        <bndbox>
                <xmin>316</xmin>
                <ymin>56</ymin>
                <xmax>354</xmax>
                <ymax>208</ymax>
            </bndbox>
        </object>
    <object>
        <name>J</name>
        <pose>Unspecified</pose>
        <truncated>0</truncated>
        <difficult>0</difficult>
        <bndbox>
                <xmin>363</xmin>
                <ymin>42</ymin>
                <xmax>404</xmax>
                <ymax>204</ymax>
            </bndbox>
        </object>
    </annotation>
