<annotation>
    <folder>From-Labelbox-license-characters-593images</folder>
    <filename>ckictsenl0000246a2itn28ts.jpeg</filename>
    <path>/home/riotu/Object Detection/Datasets/Car-detection/License-characters/From-Labelbox-license-characters-593images/ckictsenl0000246a2itn28ts.jpeg</path>
    <source>
        <database>Unknown</database>
    </source>
    <size>
        <width>457</width>
        <height>110</height>
        <depth>3</depth>
    </size>
    <segmented>0</segmented>
    <object>
        <name>0</name>
        <pose>Unspecified</pose>
        <truncated>0</truncated>
        <difficult>0</difficult>
        <bndbox>
                <xmin>44</xmin>
                <ymin>29</ymin>
                <xmax>63</xmax>
                <ymax>97</ymax>
            </bndbox>
        </object>
    <object>
        <name>5</name>
        <pose>Unspecified</pose>
        <truncated>0</truncated>
        <difficult>0</difficult>
        <bndbox>
                <xmin>82</xmin>
                <ymin>22</ymin>
                <xmax>101</xmax>
                <ymax>96</ymax>
            </bndbox>
        </object>
    <object>
        <name>2</name>
        <pose>Unspecified</pose>
        <truncated>0</truncated>
        <difficult>0</difficult>
        <bndbox>
                <xmin>122</xmin>
                <ymin>14</ymin>
                <xmax>144</xmax>
                <ymax>97</ymax>
            </bndbox>
        </object>
    <object>
        <name>8</name>
        <pose>Unspecified</pose>
        <truncated>0</truncated>
        <difficult>0</difficult>
        <bndbox>
                <xmin>163</xmin>
                <ymin>14</ymin>
                <xmax>185</xmax>
                <ymax>96</ymax>
            </bndbox>
        </object>
    <object>
        <name>L</name>
        <pose>Unspecified</pose>
        <truncated>0</truncated>
        <difficult>0</difficult>
        <bndbox>
                <xmin>258</xmin>
                <ymin>16</ymin>
                <xmax>283</xmax>
                <ymax>97</ymax>
            </bndbox>
        </object>
    <object>
        <name>U</name>
        <pose>Unspecified</pose>
        <truncated>0</truncated>
        <difficult>0</difficult>
        <bndbox>
                <xmin>300</xmin>
                <ymin>18</ymin>
                <xmax>323</xmax>
                <ymax>96</ymax>
            </bndbox>
        </object>
    <object>
        <name>X</name>
        <pose>Unspecified</pose>
        <truncated>0</truncated>
        <difficult>0</difficult>
        <bndbox>
                <xmin>339</xmin>
                <ymin>22</ymin>
                <xmax>364</xmax>
                <ymax>98</ymax>
            </bndbox>
        </object>
    </annotation>
