<annotation>
    <folder>From-Labelbox-license-characters-593images</folder>
    <filename>ckicxznlh000z246a25z943ga.jpeg</filename>
    <path>/home/riotu/Object Detection/Datasets/Car-detection/License-characters/From-Labelbox-license-characters-593images/ckicxznlh000z246a25z943ga.jpeg</path>
    <source>
        <database>Unknown</database>
    </source>
    <size>
        <width>650</width>
        <height>334</height>
        <depth>3</depth>
    </size>
    <segmented>0</segmented>
    <object>
        <name>4</name>
        <pose>Unspecified</pose>
        <truncated>0</truncated>
        <difficult>0</difficult>
        <bndbox>
                <xmin>31</xmin>
                <ymin>27</ymin>
                <xmax>87</xmax>
                <ymax>308</ymax>
            </bndbox>
        </object>
    <object>
        <name>5</name>
        <pose>Unspecified</pose>
        <truncated>0</truncated>
        <difficult>0</difficult>
        <bndbox>
                <xmin>101</xmin>
                <ymin>50</ymin>
                <xmax>157</xmax>
                <ymax>307</ymax>
            </bndbox>
        </object>
    <object>
        <name>6</name>
        <pose>Unspecified</pose>
        <truncated>0</truncated>
        <difficult>0</difficult>
        <bndbox>
                <xmin>167</xmin>
                <ymin>28</ymin>
                <xmax>229</xmax>
                <ymax>307</ymax>
            </bndbox>
        </object>
    <object>
        <name>5</name>
        <pose>Unspecified</pose>
        <truncated>0</truncated>
        <difficult>0</difficult>
        <bndbox>
                <xmin>240</xmin>
                <ymin>49</ymin>
                <xmax>296</xmax>
                <ymax>310</ymax>
            </bndbox>
        </object>
    <object>
        <name>K</name>
        <pose>Unspecified</pose>
        <truncated>0</truncated>
        <difficult>0</difficult>
        <bndbox>
                <xmin>331</xmin>
                <ymin>50</ymin>
                <xmax>384</xmax>
                <ymax>289</ymax>
            </bndbox>
        </object>
    <object>
        <name>A</name>
        <pose>Unspecified</pose>
        <truncated>0</truncated>
        <difficult>0</difficult>
        <bndbox>
                <xmin>406</xmin>
                <ymin>53</ymin>
                <xmax>452</xmax>
                <ymax>290</ymax>
            </bndbox>
        </object>
    <object>
        <name>A</name>
        <pose>Unspecified</pose>
        <truncated>0</truncated>
        <difficult>0</difficult>
        <bndbox>
                <xmin>474</xmin>
                <ymin>52</ymin>
                <xmax>523</xmax>
                <ymax>290</ymax>
            </bndbox>
        </object>
    </annotation>
