<annotation>
    <folder>From-Labelbox-license-characters-593images</folder>
    <filename>ckicz3yrj001l246a28z89org.jpeg</filename>
    <path>/home/riotu/Object Detection/Datasets/Car-detection/License-characters/From-Labelbox-license-characters-593images/ckicz3yrj001l246a28z89org.jpeg</path>
    <source>
        <database>Unknown</database>
    </source>
    <size>
        <width>414</width>
        <height>218</height>
        <depth>3</depth>
    </size>
    <segmented>0</segmented>
    <object>
        <name>2</name>
        <pose>Unspecified</pose>
        <truncated>0</truncated>
        <difficult>0</difficult>
        <bndbox>
                <xmin>33</xmin>
                <ymin>31</ymin>
                <xmax>70</xmax>
                <ymax>199</ymax>
            </bndbox>
        </object>
    <object>
        <name>5</name>
        <pose>Unspecified</pose>
        <truncated>0</truncated>
        <difficult>0</difficult>
        <bndbox>
                <xmin>75</xmin>
                <ymin>43</ymin>
                <xmax>112</xmax>
                <ymax>197</ymax>
            </bndbox>
        </object>
    <object>
        <name>6</name>
        <pose>Unspecified</pose>
        <truncated>0</truncated>
        <difficult>0</difficult>
        <bndbox>
                <xmin>116</xmin>
                <ymin>30</ymin>
                <xmax>154</xmax>
                <ymax>197</ymax>
            </bndbox>
        </object>
    <object>
        <name>6</name>
        <pose>Unspecified</pose>
        <truncated>0</truncated>
        <difficult>0</difficult>
        <bndbox>
                <xmin>159</xmin>
                <ymin>27</ymin>
                <xmax>198</xmax>
                <ymax>195</ymax>
            </bndbox>
        </object>
    <object>
        <name>H</name>
        <pose>Unspecified</pose>
        <truncated>0</truncated>
        <difficult>0</difficult>
        <bndbox>
                <xmin>231</xmin>
                <ymin>48</ymin>
                <xmax>262</xmax>
                <ymax>185</ymax>
            </bndbox>
        </object>
    <object>
        <name>G</name>
        <pose>Unspecified</pose>
        <truncated>0</truncated>
        <difficult>0</difficult>
        <bndbox>
                <xmin>271</xmin>
                <ymin>44</ymin>
                <xmax>302</xmax>
                <ymax>185</ymax>
            </bndbox>
        </object>
    <object>
        <name>D</name>
        <pose>Unspecified</pose>
        <truncated>0</truncated>
        <difficult>0</difficult>
        <bndbox>
                <xmin>314</xmin>
                <ymin>53</ymin>
                <xmax>345</xmax>
                <ymax>184</ymax>
            </bndbox>
        </object>
    </annotation>
