<annotation>
    <folder>From-Labelbox-license-characters-593images</folder>
    <filename>ckicyqnz2001c246az55zrhah.jpeg</filename>
    <path>/home/riotu/Object Detection/Datasets/Car-detection/License-characters/From-Labelbox-license-characters-593images/ckicyqnz2001c246az55zrhah.jpeg</path>
    <source>
        <database>Unknown</database>
    </source>
    <size>
        <width>453</width>
        <height>204</height>
        <depth>3</depth>
    </size>
    <segmented>0</segmented>
    <object>
        <name>8</name>
        <pose>Unspecified</pose>
        <truncated>0</truncated>
        <difficult>0</difficult>
        <bndbox>
                <xmin>29</xmin>
                <ymin>11</ymin>
                <xmax>67</xmax>
                <ymax>172</ymax>
            </bndbox>
        </object>
    <object>
        <name>8</name>
        <pose>Unspecified</pose>
        <truncated>0</truncated>
        <difficult>0</difficult>
        <bndbox>
                <xmin>74</xmin>
                <ymin>17</ymin>
                <xmax>113</xmax>
                <ymax>173</ymax>
            </bndbox>
        </object>
    <object>
        <name>3</name>
        <pose>Unspecified</pose>
        <truncated>0</truncated>
        <difficult>0</difficult>
        <bndbox>
                <xmin>120</xmin>
                <ymin>19</ymin>
                <xmax>161</xmax>
                <ymax>178</ymax>
            </bndbox>
        </object>
    <object>
        <name>6</name>
        <pose>Unspecified</pose>
        <truncated>0</truncated>
        <difficult>0</difficult>
        <bndbox>
                <xmin>166</xmin>
                <ymin>22</ymin>
                <xmax>205</xmax>
                <ymax>180</ymax>
            </bndbox>
        </object>
    <object>
        <name>X</name>
        <pose>Unspecified</pose>
        <truncated>0</truncated>
        <difficult>0</difficult>
        <bndbox>
                <xmin>231</xmin>
                <ymin>46</ymin>
                <xmax>266</xmax>
                <ymax>176</ymax>
            </bndbox>
        </object>
    <object>
        <name>N</name>
        <pose>Unspecified</pose>
        <truncated>0</truncated>
        <difficult>0</difficult>
        <bndbox>
                <xmin>277</xmin>
                <ymin>39</ymin>
                <xmax>313</xmax>
                <ymax>180</ymax>
            </bndbox>
        </object>
    <object>
        <name>B</name>
        <pose>Unspecified</pose>
        <truncated>0</truncated>
        <difficult>0</difficult>
        <bndbox>
                <xmin>322</xmin>
                <ymin>57</ymin>
                <xmax>358</xmax>
                <ymax>177</ymax>
            </bndbox>
        </object>
    </annotation>
