<annotation>
    <folder>From-Labelbox-license-characters-593images</folder>
    <filename>ckicy4o3z0013246arqlvht46.jpeg</filename>
    <path>/home/riotu/Object Detection/Datasets/Car-detection/License-characters/From-Labelbox-license-characters-593images/ckicy4o3z0013246arqlvht46.jpeg</path>
    <source>
        <database>Unknown</database>
    </source>
    <size>
        <width>886</width>
        <height>611</height>
        <depth>3</depth>
    </size>
    <segmented>0</segmented>
    <object>
        <name>3</name>
        <pose>Unspecified</pose>
        <truncated>0</truncated>
        <difficult>0</difficult>
        <bndbox>
                <xmin>162</xmin>
                <ymin>180</ymin>
                <xmax>222</xmax>
                <ymax>441</ymax>
            </bndbox>
        </object>
    <object>
        <name>7</name>
        <pose>Unspecified</pose>
        <truncated>0</truncated>
        <difficult>0</difficult>
        <bndbox>
                <xmin>231</xmin>
                <ymin>177</ymin>
                <xmax>288</xmax>
                <ymax>447</ymax>
            </bndbox>
        </object>
    <object>
        <name>5</name>
        <pose>Unspecified</pose>
        <truncated>0</truncated>
        <difficult>0</difficult>
        <bndbox>
                <xmin>300</xmin>
                <ymin>196</ymin>
                <xmax>357</xmax>
                <ymax>437</ymax>
            </bndbox>
        </object>
    <object>
        <name>4</name>
        <pose>Unspecified</pose>
        <truncated>0</truncated>
        <difficult>0</difficult>
        <bndbox>
                <xmin>366</xmin>
                <ymin>177</ymin>
                <xmax>426</xmax>
                <ymax>440</ymax>
            </bndbox>
        </object>
    <object>
        <name>V</name>
        <pose>Unspecified</pose>
        <truncated>0</truncated>
        <difficult>0</difficult>
        <bndbox>
                <xmin>460</xmin>
                <ymin>196</ymin>
                <xmax>512</xmax>
                <ymax>421</ymax>
            </bndbox>
        </object>
    <object>
        <name>L</name>
        <pose>Unspecified</pose>
        <truncated>0</truncated>
        <difficult>0</difficult>
        <bndbox>
                <xmin>531</xmin>
                <ymin>194</ymin>
                <xmax>584</xmax>
                <ymax>421</ymax>
            </bndbox>
        </object>
    <object>
        <name>J</name>
        <pose>Unspecified</pose>
        <truncated>0</truncated>
        <difficult>0</difficult>
        <bndbox>
                <xmin>599</xmin>
                <ymin>197</ymin>
                <xmax>649</xmax>
                <ymax>420</ymax>
            </bndbox>
        </object>
    </annotation>
