<annotation>
    <folder>From-Labelbox-license-characters-593images</folder>
    <filename>ckicun63y000f246aao77izay.jpeg</filename>
    <path>/home/riotu/Object Detection/Datasets/Car-detection/License-characters/From-Labelbox-license-characters-593images/ckicun63y000f246aao77izay.jpeg</path>
    <source>
        <database>Unknown</database>
    </source>
    <size>
        <width>284</width>
        <height>178</height>
        <depth>3</depth>
    </size>
    <segmented>0</segmented>
    <object>
        <name>4</name>
        <pose>Unspecified</pose>
        <truncated>0</truncated>
        <difficult>0</difficult>
        <bndbox>
                <xmin>12</xmin>
                <ymin>18</ymin>
                <xmax>38</xmax>
                <ymax>155</ymax>
            </bndbox>
        </object>
    <object>
        <name>5</name>
        <pose>Unspecified</pose>
        <truncated>0</truncated>
        <difficult>0</difficult>
        <bndbox>
                <xmin>43</xmin>
                <ymin>29</ymin>
                <xmax>68</xmax>
                <ymax>155</ymax>
            </bndbox>
        </object>
    <object>
        <name>6</name>
        <pose>Unspecified</pose>
        <truncated>0</truncated>
        <difficult>0</difficult>
        <bndbox>
                <xmin>71</xmin>
                <ymin>19</ymin>
                <xmax>98</xmax>
                <ymax>156</ymax>
            </bndbox>
        </object>
    <object>
        <name>5</name>
        <pose>Unspecified</pose>
        <truncated>0</truncated>
        <difficult>0</difficult>
        <bndbox>
                <xmin>102</xmin>
                <ymin>30</ymin>
                <xmax>127</xmax>
                <ymax>155</ymax>
            </bndbox>
        </object>
    <object>
        <name>K</name>
        <pose>Unspecified</pose>
        <truncated>0</truncated>
        <difficult>0</difficult>
        <bndbox>
                <xmin>141</xmin>
                <ymin>31</ymin>
                <xmax>164</xmax>
                <ymax>147</ymax>
            </bndbox>
        </object>
    <object>
        <name>A</name>
        <pose>Unspecified</pose>
        <truncated>0</truncated>
        <difficult>0</difficult>
        <bndbox>
                <xmin>172</xmin>
                <ymin>31</ymin>
                <xmax>193</xmax>
                <ymax>147</ymax>
            </bndbox>
        </object>
    <object>
        <name>A</name>
        <pose>Unspecified</pose>
        <truncated>0</truncated>
        <difficult>0</difficult>
        <bndbox>
                <xmin>201</xmin>
                <ymin>30</ymin>
                <xmax>222</xmax>
                <ymax>147</ymax>
            </bndbox>
        </object>
    </annotation>
