<annotation>
    <folder>From-Labelbox-license-characters-593images</folder>
    <filename>ckicxd12u000n246awnhvd62f.jpeg</filename>
    <path>/home/riotu/Object Detection/Datasets/Car-detection/License-characters/From-Labelbox-license-characters-593images/ckicxd12u000n246awnhvd62f.jpeg</path>
    <source>
        <database>Unknown</database>
    </source>
    <size>
        <width>261</width>
        <height>193</height>
        <depth>3</depth>
    </size>
    <segmented>0</segmented>
    <object>
        <name>7</name>
        <pose>Unspecified</pose>
        <truncated>0</truncated>
        <difficult>0</difficult>
        <bndbox>
                <xmin>20</xmin>
                <ymin>46</ymin>
                <xmax>41</xmax>
                <ymax>140</ymax>
            </bndbox>
        </object>
    <object>
        <name>5</name>
        <pose>Unspecified</pose>
        <truncated>0</truncated>
        <difficult>0</difficult>
        <bndbox>
                <xmin>44</xmin>
                <ymin>53</ymin>
                <xmax>66</xmax>
                <ymax>141</ymax>
            </bndbox>
        </object>
    <object>
        <name>2</name>
        <pose>Unspecified</pose>
        <truncated>0</truncated>
        <difficult>0</difficult>
        <bndbox>
                <xmin>68</xmin>
                <ymin>47</ymin>
                <xmax>88</xmax>
                <ymax>142</ymax>
            </bndbox>
        </object>
    <object>
        <name>9</name>
        <pose>Unspecified</pose>
        <truncated>0</truncated>
        <difficult>0</difficult>
        <bndbox>
                <xmin>91</xmin>
                <ymin>48</ymin>
                <xmax>112</xmax>
                <ymax>142</ymax>
            </bndbox>
        </object>
    <object>
        <name>H</name>
        <pose>Unspecified</pose>
        <truncated>0</truncated>
        <difficult>0</difficult>
        <bndbox>
                <xmin>125</xmin>
                <ymin>60</ymin>
                <xmax>144</xmax>
                <ymax>137</ymax>
            </bndbox>
        </object>
    <object>
        <name>B</name>
        <pose>Unspecified</pose>
        <truncated>0</truncated>
        <difficult>0</difficult>
        <bndbox>
                <xmin>149</xmin>
                <ymin>65</ymin>
                <xmax>165</xmax>
                <ymax>138</ymax>
            </bndbox>
        </object>
    <object>
        <name>A</name>
        <pose>Unspecified</pose>
        <truncated>0</truncated>
        <difficult>0</difficult>
        <bndbox>
                <xmin>172</xmin>
                <ymin>58</ymin>
                <xmax>189</xmax>
                <ymax>138</ymax>
            </bndbox>
        </object>
    </annotation>
