<annotation>
    <folder>From-Labelbox-license-characters-593images</folder>
    <filename>ckicxwqkx000x246ad06upnyg.jpeg</filename>
    <path>/home/riotu/Object Detection/Datasets/Car-detection/License-characters/From-Labelbox-license-characters-593images/ckicxwqkx000x246ad06upnyg.jpeg</path>
    <source>
        <database>Unknown</database>
    </source>
    <size>
        <width>312</width>
        <height>162</height>
        <depth>3</depth>
    </size>
    <segmented>0</segmented>
    <object>
        <name>3</name>
        <pose>Unspecified</pose>
        <truncated>0</truncated>
        <difficult>0</difficult>
        <bndbox>
                <xmin>15</xmin>
                <ymin>16</ymin>
                <xmax>42</xmax>
                <ymax>147</ymax>
            </bndbox>
        </object>
    <object>
        <name>6</name>
        <pose>Unspecified</pose>
        <truncated>0</truncated>
        <difficult>0</difficult>
        <bndbox>
                <xmin>45</xmin>
                <ymin>16</ymin>
                <xmax>77</xmax>
                <ymax>147</ymax>
            </bndbox>
        </object>
    <object>
        <name>9</name>
        <pose>Unspecified</pose>
        <truncated>0</truncated>
        <difficult>0</difficult>
        <bndbox>
                <xmin>83</xmin>
                <ymin>16</ymin>
                <xmax>111</xmax>
                <ymax>148</ymax>
            </bndbox>
        </object>
    <object>
        <name>0</name>
        <pose>Unspecified</pose>
        <truncated>0</truncated>
        <difficult>0</difficult>
        <bndbox>
                <xmin>116</xmin>
                <ymin>38</ymin>
                <xmax>143</xmax>
                <ymax>147</ymax>
            </bndbox>
        </object>
    <object>
        <name>J</name>
        <pose>Unspecified</pose>
        <truncated>0</truncated>
        <difficult>0</difficult>
        <bndbox>
                <xmin>161</xmin>
                <ymin>26</ymin>
                <xmax>186</xmax>
                <ymax>137</ymax>
            </bndbox>
        </object>
    <object>
        <name>B</name>
        <pose>Unspecified</pose>
        <truncated>0</truncated>
        <difficult>0</difficult>
        <bndbox>
                <xmin>195</xmin>
                <ymin>38</ymin>
                <xmax>220</xmax>
                <ymax>138</ymax>
            </bndbox>
        </object>
    <object>
        <name>A</name>
        <pose>Unspecified</pose>
        <truncated>0</truncated>
        <difficult>0</difficult>
        <bndbox>
                <xmin>229</xmin>
                <ymin>27</ymin>
                <xmax>251</xmax>
                <ymax>138</ymax>
            </bndbox>
        </object>
    </annotation>
