<annotation>
    <folder>From-Labelbox-license-characters-593images</folder>
    <filename>ckicz8s13001o246ajx876s5y.jpeg</filename>
    <path>/home/riotu/Object Detection/Datasets/Car-detection/License-characters/From-Labelbox-license-characters-593images/ckicz8s13001o246ajx876s5y.jpeg</path>
    <source>
        <database>Unknown</database>
    </source>
    <size>
        <width>407</width>
        <height>211</height>
        <depth>3</depth>
    </size>
    <segmented>0</segmented>
    <object>
        <name>2</name>
        <pose>Unspecified</pose>
        <truncated>0</truncated>
        <difficult>0</difficult>
        <bndbox>
                <xmin>15</xmin>
                <ymin>28</ymin>
                <xmax>53</xmax>
                <ymax>183</ymax>
            </bndbox>
        </object>
    <object>
        <name>2</name>
        <pose>Unspecified</pose>
        <truncated>0</truncated>
        <difficult>0</difficult>
        <bndbox>
                <xmin>59</xmin>
                <ymin>29</ymin>
                <xmax>98</xmax>
                <ymax>185</ymax>
            </bndbox>
        </object>
    <object>
        <name>6</name>
        <pose>Unspecified</pose>
        <truncated>0</truncated>
        <difficult>0</difficult>
        <bndbox>
                <xmin>102</xmin>
                <ymin>31</ymin>
                <xmax>140</xmax>
                <ymax>184</ymax>
            </bndbox>
        </object>
    <object>
        <name>4</name>
        <pose>Unspecified</pose>
        <truncated>0</truncated>
        <difficult>0</difficult>
        <bndbox>
                <xmin>146</xmin>
                <ymin>32</ymin>
                <xmax>181</xmax>
                <ymax>185</ymax>
            </bndbox>
        </object>
    <object>
        <name>J</name>
        <pose>Unspecified</pose>
        <truncated>0</truncated>
        <difficult>0</difficult>
        <bndbox>
                <xmin>210</xmin>
                <ymin>47</ymin>
                <xmax>245</xmax>
                <ymax>179</ymax>
            </bndbox>
        </object>
    <object>
        <name>K</name>
        <pose>Unspecified</pose>
        <truncated>0</truncated>
        <difficult>0</difficult>
        <bndbox>
                <xmin>253</xmin>
                <ymin>47</ymin>
                <xmax>289</xmax>
                <ymax>179</ymax>
            </bndbox>
        </object>
    <object>
        <name>B</name>
        <pose>Unspecified</pose>
        <truncated>0</truncated>
        <difficult>0</difficult>
        <bndbox>
                <xmin>296</xmin>
                <ymin>63</ymin>
                <xmax>333</xmax>
                <ymax>177</ymax>
            </bndbox>
        </object>
    </annotation>
