<annotation>
    <folder>From-Labelbox-license-characters-593images</folder>
    <filename>ckicyspah001d246alfgflkl1.png</filename>
    <path>/home/riotu/Object Detection/Datasets/Car-detection/License-characters/From-Labelbox-license-characters-593images/ckicyspah001d246alfgflkl1.png</path>
    <source>
        <database>Unknown</database>
    </source>
    <size>
        <width>151</width>
        <height>67</height>
        <depth>3</depth>
    </size>
    <segmented>0</segmented>
    <object>
        <name>8</name>
        <pose>Unspecified</pose>
        <truncated>0</truncated>
        <difficult>0</difficult>
        <bndbox>
                <xmin>12</xmin>
                <ymin>12</ymin>
                <xmax>21</xmax>
                <ymax>45</ymax>
            </bndbox>
        </object>
    <object>
        <name>4</name>
        <pose>Unspecified</pose>
        <truncated>0</truncated>
        <difficult>0</difficult>
        <bndbox>
                <xmin>24</xmin>
                <ymin>13</ymin>
                <xmax>31</xmax>
                <ymax>46</ymax>
            </bndbox>
        </object>
    <object>
        <name>5</name>
        <pose>Unspecified</pose>
        <truncated>0</truncated>
        <difficult>0</difficult>
        <bndbox>
                <xmin>36</xmin>
                <ymin>17</ymin>
                <xmax>44</xmax>
                <ymax>48</ymax>
            </bndbox>
        </object>
    <object>
        <name>4</name>
        <pose>Unspecified</pose>
        <truncated>0</truncated>
        <difficult>0</difficult>
        <bndbox>
                <xmin>47</xmin>
                <ymin>18</ymin>
                <xmax>56</xmax>
                <ymax>49</ymax>
            </bndbox>
        </object>
    <object>
        <name>B</name>
        <pose>Unspecified</pose>
        <truncated>0</truncated>
        <difficult>0</difficult>
        <bndbox>
                <xmin>94</xmin>
                <ymin>27</ymin>
                <xmax>103</xmax>
                <ymax>56</ymax>
            </bndbox>
        </object>
    <object>
        <name>K</name>
        <pose>Unspecified</pose>
        <truncated>0</truncated>
        <difficult>0</difficult>
        <bndbox>
                <xmin>107</xmin>
                <ymin>24</ymin>
                <xmax>117</xmax>
                <ymax>57</ymax>
            </bndbox>
        </object>
    <object>
        <name>J</name>
        <pose>Unspecified</pose>
        <truncated>0</truncated>
        <difficult>0</difficult>
        <bndbox>
                <xmin>120</xmin>
                <ymin>23</ymin>
                <xmax>131</xmax>
                <ymax>58</ymax>
            </bndbox>
        </object>
    </annotation>
