<annotation>
    <folder>From-Labelbox-license-characters-593images</folder>
    <filename>ckicu9ere0007246agdm9mb4i.jpeg</filename>
    <path>/home/riotu/Object Detection/Datasets/Car-detection/License-characters/From-Labelbox-license-characters-593images/ckicu9ere0007246agdm9mb4i.jpeg</path>
    <source>
        <database>Unknown</database>
    </source>
    <size>
        <width>2102</width>
        <height>1040</height>
        <depth>3</depth>
    </size>
    <segmented>0</segmented>
    <object>
        <name>7</name>
        <pose>Unspecified</pose>
        <truncated>0</truncated>
        <difficult>0</difficult>
        <bndbox>
                <xmin>118</xmin>
                <ymin>110</ymin>
                <xmax>305</xmax>
                <ymax>945</ymax>
            </bndbox>
        </object>
    <object>
        <name>4</name>
        <pose>Unspecified</pose>
        <truncated>0</truncated>
        <difficult>0</difficult>
        <bndbox>
                <xmin>343</xmin>
                <ymin>109</ymin>
                <xmax>531</xmax>
                <ymax>931</ymax>
            </bndbox>
        </object>
    <object>
        <name>0</name>
        <pose>Unspecified</pose>
        <truncated>0</truncated>
        <difficult>0</difficult>
        <bndbox>
                <xmin>562</xmin>
                <ymin>256</ymin>
                <xmax>754</xmax>
                <ymax>938</ymax>
            </bndbox>
        </object>
    <object>
        <name>3</name>
        <pose>Unspecified</pose>
        <truncated>0</truncated>
        <difficult>0</difficult>
        <bndbox>
                <xmin>798</xmin>
                <ymin>111</ymin>
                <xmax>976</xmax>
                <ymax>929</ymax>
            </bndbox>
        </object>
    <object>
        <name>R</name>
        <pose>Unspecified</pose>
        <truncated>0</truncated>
        <difficult>0</difficult>
        <bndbox>
                <xmin>1098</xmin>
                <ymin>237</ymin>
                <xmax>1269</xmax>
                <ymax>881</ymax>
            </bndbox>
        </object>
    <object>
        <name>U</name>
        <pose>Unspecified</pose>
        <truncated>0</truncated>
        <difficult>0</difficult>
        <bndbox>
                <xmin>1320</xmin>
                <ymin>205</ymin>
                <xmax>1484</xmax>
                <ymax>869</ymax>
            </bndbox>
        </object>
    <object>
        <name>A</name>
        <pose>Unspecified</pose>
        <truncated>0</truncated>
        <difficult>0</difficult>
        <bndbox>
                <xmin>1546</xmin>
                <ymin>190</ymin>
                <xmax>1701</xmax>
                <ymax>887</ymax>
            </bndbox>
        </object>
    </annotation>
