<annotation>
    <folder>From-Labelbox-license-characters-593images</folder>
    <filename>ckicvd7i3000l246adt7wcwlh.png</filename>
    <path>/home/riotu/Object Detection/Datasets/Car-detection/License-characters/From-Labelbox-license-characters-593images/ckicvd7i3000l246adt7wcwlh.png</path>
    <source>
        <database>Unknown</database>
    </source>
    <size>
        <width>318</width>
        <height>159</height>
        <depth>3</depth>
    </size>
    <segmented>0</segmented>
    <object>
        <name>1</name>
        <pose>Unspecified</pose>
        <truncated>0</truncated>
        <difficult>0</difficult>
        <bndbox>
                <xmin>24</xmin>
                <ymin>16</ymin>
                <xmax>46</xmax>
                <ymax>143</ymax>
            </bndbox>
        </object>
    <object>
        <name>9</name>
        <pose>Unspecified</pose>
        <truncated>0</truncated>
        <difficult>0</difficult>
        <bndbox>
                <xmin>51</xmin>
                <ymin>15</ymin>
                <xmax>83</xmax>
                <ymax>142</ymax>
            </bndbox>
        </object>
    <object>
        <name>1</name>
        <pose>Unspecified</pose>
        <truncated>0</truncated>
        <difficult>0</difficult>
        <bndbox>
                <xmin>89</xmin>
                <ymin>15</ymin>
                <xmax>108</xmax>
                <ymax>143</ymax>
            </bndbox>
        </object>
    <object>
        <name>9</name>
        <pose>Unspecified</pose>
        <truncated>0</truncated>
        <difficult>0</difficult>
        <bndbox>
                <xmin>113</xmin>
                <ymin>15</ymin>
                <xmax>150</xmax>
                <ymax>143</ymax>
            </bndbox>
        </object>
    <object>
        <name>J</name>
        <pose>Unspecified</pose>
        <truncated>0</truncated>
        <difficult>0</difficult>
        <bndbox>
                <xmin>167</xmin>
                <ymin>31</ymin>
                <xmax>190</xmax>
                <ymax>134</ymax>
            </bndbox>
        </object>
    <object>
        <name>B</name>
        <pose>Unspecified</pose>
        <truncated>0</truncated>
        <difficult>0</difficult>
        <bndbox>
                <xmin>197</xmin>
                <ymin>32</ymin>
                <xmax>233</xmax>
                <ymax>134</ymax>
            </bndbox>
        </object>
    <object>
        <name>A</name>
        <pose>Unspecified</pose>
        <truncated>0</truncated>
        <difficult>0</difficult>
        <bndbox>
                <xmin>233</xmin>
                <ymin>32</ymin>
                <xmax>256</xmax>
                <ymax>133</ymax>
            </bndbox>
        </object>
    </annotation>
