<annotation>
    <folder>From-Labelbox-license-characters-593images</folder>
    <filename>ckiczud3m0022246akwctobb0.jpeg</filename>
    <path>/home/riotu/Object Detection/Datasets/Car-detection/License-characters/From-Labelbox-license-characters-593images/ckiczud3m0022246akwctobb0.jpeg</path>
    <source>
        <database>Unknown</database>
    </source>
    <size>
        <width>397</width>
        <height>199</height>
        <depth>3</depth>
    </size>
    <segmented>0</segmented>
    <object>
        <name>7</name>
        <pose>Unspecified</pose>
        <truncated>0</truncated>
        <difficult>0</difficult>
        <bndbox>
                <xmin>39</xmin>
                <ymin>22</ymin>
                <xmax>74</xmax>
                <ymax>180</ymax>
            </bndbox>
        </object>
    <object>
        <name>0</name>
        <pose>Unspecified</pose>
        <truncated>0</truncated>
        <difficult>0</difficult>
        <bndbox>
                <xmin>80</xmin>
                <ymin>48</ymin>
                <xmax>114</xmax>
                <ymax>179</ymax>
            </bndbox>
        </object>
    <object>
        <name>9</name>
        <pose>Unspecified</pose>
        <truncated>0</truncated>
        <difficult>0</difficult>
        <bndbox>
                <xmin>122</xmin>
                <ymin>21</ymin>
                <xmax>155</xmax>
                <ymax>180</ymax>
            </bndbox>
        </object>
    <object>
        <name>0</name>
        <pose>Unspecified</pose>
        <truncated>0</truncated>
        <difficult>0</difficult>
        <bndbox>
                <xmin>163</xmin>
                <ymin>48</ymin>
                <xmax>196</xmax>
                <ymax>179</ymax>
            </bndbox>
        </object>
    <object>
        <name>H</name>
        <pose>Unspecified</pose>
        <truncated>0</truncated>
        <difficult>0</difficult>
        <bndbox>
                <xmin>220</xmin>
                <ymin>41</ymin>
                <xmax>249</xmax>
                <ymax>170</ymax>
            </bndbox>
        </object>
    <object>
        <name>H</name>
        <pose>Unspecified</pose>
        <truncated>0</truncated>
        <difficult>0</difficult>
        <bndbox>
                <xmin>265</xmin>
                <ymin>39</ymin>
                <xmax>295</xmax>
                <ymax>170</ymax>
            </bndbox>
        </object>
    <object>
        <name>J</name>
        <pose>Unspecified</pose>
        <truncated>0</truncated>
        <difficult>0</difficult>
        <bndbox>
                <xmin>304</xmin>
                <ymin>34</ymin>
                <xmax>335</xmax>
                <ymax>170</ymax>
            </bndbox>
        </object>
    </annotation>
