<annotation>
    <folder>From-Labelbox-license-characters-593images</folder>
    <filename>ckicv9l9g000j246a31411ve8.jpeg</filename>
    <path>/home/riotu/Object Detection/Datasets/Car-detection/License-characters/From-Labelbox-license-characters-593images/ckicv9l9g000j246a31411ve8.jpeg</path>
    <source>
        <database>Unknown</database>
    </source>
    <size>
        <width>192</width>
        <height>102</height>
        <depth>3</depth>
    </size>
    <segmented>0</segmented>
    <object>
        <name>3</name>
        <pose>Unspecified</pose>
        <truncated>0</truncated>
        <difficult>0</difficult>
        <bndbox>
                <xmin>18</xmin>
                <ymin>15</ymin>
                <xmax>35</xmax>
                <ymax>94</ymax>
            </bndbox>
        </object>
    <object>
        <name>7</name>
        <pose>Unspecified</pose>
        <truncated>0</truncated>
        <difficult>0</difficult>
        <bndbox>
                <xmin>38</xmin>
                <ymin>13</ymin>
                <xmax>55</xmax>
                <ymax>95</ymax>
            </bndbox>
        </object>
    <object>
        <name>5</name>
        <pose>Unspecified</pose>
        <truncated>0</truncated>
        <difficult>0</difficult>
        <bndbox>
                <xmin>60</xmin>
                <ymin>19</ymin>
                <xmax>77</xmax>
                <ymax>93</ymax>
            </bndbox>
        </object>
    <object>
        <name>4</name>
        <pose>Unspecified</pose>
        <truncated>0</truncated>
        <difficult>0</difficult>
        <bndbox>
                <xmin>80</xmin>
                <ymin>14</ymin>
                <xmax>96</xmax>
                <ymax>94</ymax>
            </bndbox>
        </object>
    <object>
        <name>V</name>
        <pose>Unspecified</pose>
        <truncated>0</truncated>
        <difficult>0</difficult>
        <bndbox>
                <xmin>109</xmin>
                <ymin>21</ymin>
                <xmax>124</xmax>
                <ymax>88</ymax>
            </bndbox>
        </object>
    <object>
        <name>L</name>
        <pose>Unspecified</pose>
        <truncated>0</truncated>
        <difficult>0</difficult>
        <bndbox>
                <xmin>130</xmin>
                <ymin>20</ymin>
                <xmax>145</xmax>
                <ymax>89</ymax>
            </bndbox>
        </object>
    <object>
        <name>J</name>
        <pose>Unspecified</pose>
        <truncated>0</truncated>
        <difficult>0</difficult>
        <bndbox>
                <xmin>150</xmin>
                <ymin>21</ymin>
                <xmax>165</xmax>
                <ymax>88</ymax>
            </bndbox>
        </object>
    </annotation>
