<annotation>
    <folder>From-Labelbox-license-characters-593images</folder>
    <filename>ckiczcjuj001p246ayu84qw4k.png</filename>
    <path>/home/riotu/Object Detection/Datasets/Car-detection/License-characters/From-Labelbox-license-characters-593images/ckiczcjuj001p246ayu84qw4k.png</path>
    <source>
        <database>Unknown</database>
    </source>
    <size>
        <width>125</width>
        <height>88</height>
        <depth>3</depth>
    </size>
    <segmented>0</segmented>
    <object>
        <name>8</name>
        <pose>Unspecified</pose>
        <truncated>0</truncated>
        <difficult>0</difficult>
        <bndbox>
                <xmin>24</xmin>
                <ymin>21</ymin>
                <xmax>35</xmax>
                <ymax>72</ymax>
            </bndbox>
        </object>
    <object>
        <name>5</name>
        <pose>Unspecified</pose>
        <truncated>0</truncated>
        <difficult>0</difficult>
        <bndbox>
                <xmin>36</xmin>
                <ymin>22</ymin>
                <xmax>45</xmax>
                <ymax>72</ymax>
            </bndbox>
        </object>
    <object>
        <name>3</name>
        <pose>Unspecified</pose>
        <truncated>0</truncated>
        <difficult>0</difficult>
        <bndbox>
                <xmin>45</xmin>
                <ymin>20</ymin>
                <xmax>58</xmax>
                <ymax>74</ymax>
            </bndbox>
        </object>
    <object>
        <name>1</name>
        <pose>Unspecified</pose>
        <truncated>0</truncated>
        <difficult>0</difficult>
        <bndbox>
                <xmin>57</xmin>
                <ymin>21</ymin>
                <xmax>69</xmax>
                <ymax>75</ymax>
            </bndbox>
        </object>
    <object>
        <name>E</name>
        <pose>Unspecified</pose>
        <truncated>0</truncated>
        <difficult>0</difficult>
        <bndbox>
                <xmin>71</xmin>
                <ymin>26</ymin>
                <xmax>82</xmax>
                <ymax>74</ymax>
            </bndbox>
        </object>
    <object>
        <name>H</name>
        <pose>Unspecified</pose>
        <truncated>0</truncated>
        <difficult>0</difficult>
        <bndbox>
                <xmin>83</xmin>
                <ymin>29</ymin>
                <xmax>93</xmax>
                <ymax>75</ymax>
            </bndbox>
        </object>
    <object>
        <name>A</name>
        <pose>Unspecified</pose>
        <truncated>0</truncated>
        <difficult>0</difficult>
        <bndbox>
                <xmin>94</xmin>
                <ymin>25</ymin>
                <xmax>104</xmax>
                <ymax>76</ymax>
            </bndbox>
        </object>
    </annotation>
