<annotation>
    <folder>From-Labelbox-license-characters-593images</folder>
    <filename>ckicud7x00009246ag1nahatj.jpeg</filename>
    <path>/home/riotu/Object Detection/Datasets/Car-detection/License-characters/From-Labelbox-license-characters-593images/ckicud7x00009246ag1nahatj.jpeg</path>
    <source>
        <database>Unknown</database>
    </source>
    <size>
        <width>321</width>
        <height>157</height>
        <depth>3</depth>
    </size>
    <segmented>0</segmented>
    <object>
        <name>4</name>
        <pose>Unspecified</pose>
        <truncated>0</truncated>
        <difficult>0</difficult>
        <bndbox>
                <xmin>14</xmin>
                <ymin>13</ymin>
                <xmax>44</xmax>
                <ymax>145</ymax>
            </bndbox>
        </object>
    <object>
        <name>5</name>
        <pose>Unspecified</pose>
        <truncated>0</truncated>
        <difficult>0</difficult>
        <bndbox>
                <xmin>48</xmin>
                <ymin>24</ymin>
                <xmax>78</xmax>
                <ymax>145</ymax>
            </bndbox>
        </object>
    <object>
        <name>5</name>
        <pose>Unspecified</pose>
        <truncated>0</truncated>
        <difficult>0</difficult>
        <bndbox>
                <xmin>83</xmin>
                <ymin>23</ymin>
                <xmax>111</xmax>
                <ymax>145</ymax>
            </bndbox>
        </object>
    <object>
        <name>2</name>
        <pose>Unspecified</pose>
        <truncated>0</truncated>
        <difficult>0</difficult>
        <bndbox>
                <xmin>118</xmin>
                <ymin>13</ymin>
                <xmax>147</xmax>
                <ymax>146</ymax>
            </bndbox>
        </object>
    <object>
        <name>K</name>
        <pose>Unspecified</pose>
        <truncated>0</truncated>
        <difficult>0</difficult>
        <bndbox>
                <xmin>165</xmin>
                <ymin>24</ymin>
                <xmax>190</xmax>
                <ymax>136</ymax>
            </bndbox>
        </object>
    <object>
        <name>A</name>
        <pose>Unspecified</pose>
        <truncated>0</truncated>
        <difficult>0</difficult>
        <bndbox>
                <xmin>202</xmin>
                <ymin>24</ymin>
                <xmax>224</xmax>
                <ymax>136</ymax>
            </bndbox>
        </object>
    <object>
        <name>A</name>
        <pose>Unspecified</pose>
        <truncated>0</truncated>
        <difficult>0</difficult>
        <bndbox>
                <xmin>236</xmin>
                <ymin>24</ymin>
                <xmax>259</xmax>
                <ymax>136</ymax>
            </bndbox>
        </object>
    </annotation>
