<annotation>
    <folder>From-Labelbox-license-characters-593images</folder>
    <filename>ckicy67w80014246a06offtl7.jpeg</filename>
    <path>/home/riotu/Object Detection/Datasets/Car-detection/License-characters/From-Labelbox-license-characters-593images/ckicy67w80014246a06offtl7.jpeg</path>
    <source>
        <database>Unknown</database>
    </source>
    <size>
        <width>308</width>
        <height>163</height>
        <depth>3</depth>
    </size>
    <segmented>0</segmented>
    <object>
        <name>5</name>
        <pose>Unspecified</pose>
        <truncated>0</truncated>
        <difficult>0</difficult>
        <bndbox>
                <xmin>17</xmin>
                <ymin>27</ymin>
                <xmax>44</xmax>
                <ymax>144</ymax>
            </bndbox>
        </object>
    <object>
        <name>5</name>
        <pose>Unspecified</pose>
        <truncated>0</truncated>
        <difficult>0</difficult>
        <bndbox>
                <xmin>50</xmin>
                <ymin>29</ymin>
                <xmax>76</xmax>
                <ymax>146</ymax>
            </bndbox>
        </object>
    <object>
        <name>7</name>
        <pose>Unspecified</pose>
        <truncated>0</truncated>
        <difficult>0</difficult>
        <bndbox>
                <xmin>81</xmin>
                <ymin>19</ymin>
                <xmax>109</xmax>
                <ymax>145</ymax>
            </bndbox>
        </object>
    <object>
        <name>8</name>
        <pose>Unspecified</pose>
        <truncated>0</truncated>
        <difficult>0</difficult>
        <bndbox>
                <xmin>114</xmin>
                <ymin>20</ymin>
                <xmax>143</xmax>
                <ymax>146</ymax>
            </bndbox>
        </object>
    <object>
        <name>K</name>
        <pose>Unspecified</pose>
        <truncated>0</truncated>
        <difficult>0</difficult>
        <bndbox>
                <xmin>159</xmin>
                <ymin>28</ymin>
                <xmax>183</xmax>
                <ymax>136</ymax>
            </bndbox>
        </object>
    <object>
        <name>G</name>
        <pose>Unspecified</pose>
        <truncated>0</truncated>
        <difficult>0</difficult>
        <bndbox>
                <xmin>193</xmin>
                <ymin>31</ymin>
                <xmax>217</xmax>
                <ymax>136</ymax>
            </bndbox>
        </object>
    <object>
        <name>A</name>
        <pose>Unspecified</pose>
        <truncated>0</truncated>
        <difficult>0</difficult>
        <bndbox>
                <xmin>225</xmin>
                <ymin>29</ymin>
                <xmax>248</xmax>
                <ymax>136</ymax>
            </bndbox>
        </object>
    </annotation>
