<annotation>
    <folder>From-Labelbox-license-characters-593images</folder>
    <filename>ckicxy7t8000y246ajfjw4b8t.png</filename>
    <path>/home/riotu/Object Detection/Datasets/Car-detection/License-characters/From-Labelbox-license-characters-593images/ckicxy7t8000y246ajfjw4b8t.png</path>
    <source>
        <database>Unknown</database>
    </source>
    <size>
        <width>464</width>
        <height>225</height>
        <depth>3</depth>
    </size>
    <segmented>0</segmented>
    <object>
        <name>5</name>
        <pose>Unspecified</pose>
        <truncated>0</truncated>
        <difficult>0</difficult>
        <bndbox>
                <xmin>17</xmin>
                <ymin>27</ymin>
                <xmax>64</xmax>
                <ymax>213</ymax>
            </bndbox>
        </object>
    <object>
        <name>8</name>
        <pose>Unspecified</pose>
        <truncated>0</truncated>
        <difficult>0</difficult>
        <bndbox>
                <xmin>72</xmin>
                <ymin>11</ymin>
                <xmax>114</xmax>
                <ymax>212</ymax>
            </bndbox>
        </object>
    <object>
        <name>3</name>
        <pose>Unspecified</pose>
        <truncated>0</truncated>
        <difficult>0</difficult>
        <bndbox>
                <xmin>124</xmin>
                <ymin>14</ymin>
                <xmax>168</xmax>
                <ymax>212</ymax>
            </bndbox>
        </object>
    <object>
        <name>9</name>
        <pose>Unspecified</pose>
        <truncated>0</truncated>
        <difficult>0</difficult>
        <bndbox>
                <xmin>176</xmin>
                <ymin>12</ymin>
                <xmax>220</xmax>
                <ymax>213</ymax>
            </bndbox>
        </object>
    <object>
        <name>X</name>
        <pose>Unspecified</pose>
        <truncated>0</truncated>
        <difficult>0</difficult>
        <bndbox>
                <xmin>247</xmin>
                <ymin>38</ymin>
                <xmax>285</xmax>
                <ymax>199</ymax>
            </bndbox>
        </object>
    <object>
        <name>A</name>
        <pose>Unspecified</pose>
        <truncated>0</truncated>
        <difficult>0</difficult>
        <bndbox>
                <xmin>302</xmin>
                <ymin>28</ymin>
                <xmax>335</xmax>
                <ymax>199</ymax>
            </bndbox>
        </object>
    <object>
        <name>A</name>
        <pose>Unspecified</pose>
        <truncated>0</truncated>
        <difficult>0</difficult>
        <bndbox>
                <xmin>354</xmin>
                <ymin>27</ymin>
                <xmax>388</xmax>
                <ymax>200</ymax>
            </bndbox>
        </object>
    </annotation>
