<annotation>
    <folder>From-Labelbox-license-characters-593images</folder>
    <filename>ckiczdqyn001q246au8m6yybo.jpeg</filename>
    <path>/home/riotu/Object Detection/Datasets/Car-detection/License-characters/From-Labelbox-license-characters-593images/ckiczdqyn001q246au8m6yybo.jpeg</path>
    <source>
        <database>Unknown</database>
    </source>
    <size>
        <width>472</width>
        <height>216</height>
        <depth>3</depth>
    </size>
    <segmented>0</segmented>
    <object>
        <name>3</name>
        <pose>Unspecified</pose>
        <truncated>0</truncated>
        <difficult>0</difficult>
        <bndbox>
                <xmin>26</xmin>
                <ymin>32</ymin>
                <xmax>74</xmax>
                <ymax>194</ymax>
            </bndbox>
        </object>
    <object>
        <name>0</name>
        <pose>Unspecified</pose>
        <truncated>0</truncated>
        <difficult>0</difficult>
        <bndbox>
                <xmin>79</xmin>
                <ymin>56</ymin>
                <xmax>123</xmax>
                <ymax>190</ymax>
            </bndbox>
        </object>
    <object>
        <name>4</name>
        <pose>Unspecified</pose>
        <truncated>0</truncated>
        <difficult>0</difficult>
        <bndbox>
                <xmin>128</xmin>
                <ymin>31</ymin>
                <xmax>172</xmax>
                <ymax>188</ymax>
            </bndbox>
        </object>
    <object>
        <name>7</name>
        <pose>Unspecified</pose>
        <truncated>0</truncated>
        <difficult>0</difficult>
        <bndbox>
                <xmin>177</xmin>
                <ymin>33</ymin>
                <xmax>219</xmax>
                <ymax>186</ymax>
            </bndbox>
        </object>
    <object>
        <name>J</name>
        <pose>Unspecified</pose>
        <truncated>0</truncated>
        <difficult>0</difficult>
        <bndbox>
                <xmin>244</xmin>
                <ymin>45</ymin>
                <xmax>281</xmax>
                <ymax>174</ymax>
            </bndbox>
        </object>
    <object>
        <name>B</name>
        <pose>Unspecified</pose>
        <truncated>0</truncated>
        <difficult>0</difficult>
        <bndbox>
                <xmin>294</xmin>
                <ymin>59</ymin>
                <xmax>330</xmax>
                <ymax>178</ymax>
            </bndbox>
        </object>
    <object>
        <name>B</name>
        <pose>Unspecified</pose>
        <truncated>0</truncated>
        <difficult>0</difficult>
        <bndbox>
                <xmin>342</xmin>
                <ymin>59</ymin>
                <xmax>379</xmax>
                <ymax>179</ymax>
            </bndbox>
        </object>
    </annotation>
