<annotation>
    <folder>From-Labelbox-license-characters-593images</folder>
    <filename>ckicz22ot001k246arlafx3nv.jpeg</filename>
    <path>/home/riotu/Object Detection/Datasets/Car-detection/License-characters/From-Labelbox-license-characters-593images/ckicz22ot001k246arlafx3nv.jpeg</path>
    <source>
        <database>Unknown</database>
    </source>
    <size>
        <width>415</width>
        <height>216</height>
        <depth>3</depth>
    </size>
    <segmented>0</segmented>
    <object>
        <name>4</name>
        <pose>Unspecified</pose>
        <truncated>0</truncated>
        <difficult>0</difficult>
        <bndbox>
                <xmin>36</xmin>
                <ymin>35</ymin>
                <xmax>71</xmax>
                <ymax>204</ymax>
            </bndbox>
        </object>
    <object>
        <name>6</name>
        <pose>Unspecified</pose>
        <truncated>0</truncated>
        <difficult>0</difficult>
        <bndbox>
                <xmin>75</xmin>
                <ymin>34</ymin>
                <xmax>114</xmax>
                <ymax>201</ymax>
            </bndbox>
        </object>
    <object>
        <name>9</name>
        <pose>Unspecified</pose>
        <truncated>0</truncated>
        <difficult>0</difficult>
        <bndbox>
                <xmin>120</xmin>
                <ymin>31</ymin>
                <xmax>155</xmax>
                <ymax>199</ymax>
            </bndbox>
        </object>
    <object>
        <name>8</name>
        <pose>Unspecified</pose>
        <truncated>0</truncated>
        <difficult>0</difficult>
        <bndbox>
                <xmin>163</xmin>
                <ymin>29</ymin>
                <xmax>199</xmax>
                <ymax>197</ymax>
            </bndbox>
        </object>
    <object>
        <name>L</name>
        <pose>Unspecified</pose>
        <truncated>0</truncated>
        <difficult>0</difficult>
        <bndbox>
                <xmin>233</xmin>
                <ymin>39</ymin>
                <xmax>262</xmax>
                <ymax>184</ymax>
            </bndbox>
        </object>
    <object>
        <name>Z</name>
        <pose>Unspecified</pose>
        <truncated>0</truncated>
        <difficult>0</difficult>
        <bndbox>
                <xmin>276</xmin>
                <ymin>38</ymin>
                <xmax>305</xmax>
                <ymax>181</ymax>
            </bndbox>
        </object>
    <object>
        <name>J</name>
        <pose>Unspecified</pose>
        <truncated>0</truncated>
        <difficult>0</difficult>
        <bndbox>
                <xmin>316</xmin>
                <ymin>39</ymin>
                <xmax>348</xmax>
                <ymax>180</ymax>
            </bndbox>
        </object>
    </annotation>
