<annotation>
    <folder>From-Labelbox-license-characters-593images</folder>
    <filename>ckicyza76001i246ay8xxw8vb.jpeg</filename>
    <path>/home/riotu/Object Detection/Datasets/Car-detection/License-characters/From-Labelbox-license-characters-593images/ckicyza76001i246ay8xxw8vb.jpeg</path>
    <source>
        <database>Unknown</database>
    </source>
    <size>
        <width>383</width>
        <height>176</height>
        <depth>3</depth>
    </size>
    <segmented>0</segmented>
    <object>
        <name>9</name>
        <pose>Unspecified</pose>
        <truncated>0</truncated>
        <difficult>0</difficult>
        <bndbox>
                <xmin>27</xmin>
                <ymin>28</ymin>
                <xmax>65</xmax>
                <ymax>169</ymax>
            </bndbox>
        </object>
    <object>
        <name>3</name>
        <pose>Unspecified</pose>
        <truncated>0</truncated>
        <difficult>0</difficult>
        <bndbox>
                <xmin>66</xmin>
                <ymin>24</ymin>
                <xmax>105</xmax>
                <ymax>165</ymax>
            </bndbox>
        </object>
    <object>
        <name>7</name>
        <pose>Unspecified</pose>
        <truncated>0</truncated>
        <difficult>0</difficult>
        <bndbox>
                <xmin>105</xmin>
                <ymin>22</ymin>
                <xmax>140</xmax>
                <ymax>164</ymax>
            </bndbox>
        </object>
    <object>
        <name>0</name>
        <pose>Unspecified</pose>
        <truncated>0</truncated>
        <difficult>0</difficult>
        <bndbox>
                <xmin>147</xmin>
                <ymin>45</ymin>
                <xmax>180</xmax>
                <ymax>160</ymax>
            </bndbox>
        </object>
    <object>
        <name>X</name>
        <pose>Unspecified</pose>
        <truncated>0</truncated>
        <difficult>0</difficult>
        <bndbox>
                <xmin>199</xmin>
                <ymin>35</ymin>
                <xmax>233</xmax>
                <ymax>145</ymax>
            </bndbox>
        </object>
    <object>
        <name>K</name>
        <pose>Unspecified</pose>
        <truncated>0</truncated>
        <difficult>0</difficult>
        <bndbox>
                <xmin>238</xmin>
                <ymin>23</ymin>
                <xmax>271</xmax>
                <ymax>143</ymax>
            </bndbox>
        </object>
    <object>
        <name>A</name>
        <pose>Unspecified</pose>
        <truncated>0</truncated>
        <difficult>0</difficult>
        <bndbox>
                <xmin>283</xmin>
                <ymin>23</ymin>
                <xmax>311</xmax>
                <ymax>141</ymax>
            </bndbox>
        </object>
    </annotation>
