<annotation>
    <folder>From-Labelbox-license-characters-593images</folder>
    <filename>ckicuf6jf000a246axa0bp4ut.png</filename>
    <path>/home/riotu/Object Detection/Datasets/Car-detection/License-characters/From-Labelbox-license-characters-593images/ckicuf6jf000a246axa0bp4ut.png</path>
    <source>
        <database>Unknown</database>
    </source>
    <size>
        <width>318</width>
        <height>159</height>
        <depth>3</depth>
    </size>
    <segmented>0</segmented>
    <object>
        <name>5</name>
        <pose>Unspecified</pose>
        <truncated>0</truncated>
        <difficult>0</difficult>
        <bndbox>
                <xmin>22</xmin>
                <ymin>21</ymin>
                <xmax>53</xmax>
                <ymax>144</ymax>
            </bndbox>
        </object>
    <object>
        <name>9</name>
        <pose>Unspecified</pose>
        <truncated>0</truncated>
        <difficult>0</difficult>
        <bndbox>
                <xmin>55</xmin>
                <ymin>16</ymin>
                <xmax>84</xmax>
                <ymax>145</ymax>
            </bndbox>
        </object>
    <object>
        <name>8</name>
        <pose>Unspecified</pose>
        <truncated>0</truncated>
        <difficult>0</difficult>
        <bndbox>
                <xmin>87</xmin>
                <ymin>15</ymin>
                <xmax>115</xmax>
                <ymax>145</ymax>
            </bndbox>
        </object>
    <object>
        <name>4</name>
        <pose>Unspecified</pose>
        <truncated>0</truncated>
        <difficult>0</difficult>
        <bndbox>
                <xmin>119</xmin>
                <ymin>16</ymin>
                <xmax>149</xmax>
                <ymax>144</ymax>
            </bndbox>
        </object>
    <object>
        <name>V</name>
        <pose>Unspecified</pose>
        <truncated>0</truncated>
        <difficult>0</difficult>
        <bndbox>
                <xmin>164</xmin>
                <ymin>23</ymin>
                <xmax>192</xmax>
                <ymax>138</ymax>
            </bndbox>
        </object>
    <object>
        <name>J</name>
        <pose>Unspecified</pose>
        <truncated>0</truncated>
        <difficult>0</difficult>
        <bndbox>
                <xmin>199</xmin>
                <ymin>28</ymin>
                <xmax>224</xmax>
                <ymax>137</ymax>
            </bndbox>
        </object>
    <object>
        <name>V</name>
        <pose>Unspecified</pose>
        <truncated>0</truncated>
        <difficult>0</difficult>
        <bndbox>
                <xmin>230</xmin>
                <ymin>23</ymin>
                <xmax>257</xmax>
                <ymax>138</ymax>
            </bndbox>
        </object>
    </annotation>
