<annotation>
    <folder>From-Labelbox-license-characters-593images</folder>
    <filename>ckicznjdl001x246a6u2mmuw0.jpeg</filename>
    <path>/home/riotu/Object Detection/Datasets/Car-detection/License-characters/From-Labelbox-license-characters-593images/ckicznjdl001x246a6u2mmuw0.jpeg</path>
    <source>
        <database>Unknown</database>
    </source>
    <size>
        <width>381</width>
        <height>198</height>
        <depth>3</depth>
    </size>
    <segmented>0</segmented>
    <object>
        <name>4</name>
        <pose>Unspecified</pose>
        <truncated>0</truncated>
        <difficult>0</difficult>
        <bndbox>
                <xmin>31</xmin>
                <ymin>36</ymin>
                <xmax>64</xmax>
                <ymax>182</ymax>
            </bndbox>
        </object>
    <object>
        <name>7</name>
        <pose>Unspecified</pose>
        <truncated>0</truncated>
        <difficult>0</difficult>
        <bndbox>
                <xmin>69</xmin>
                <ymin>33</ymin>
                <xmax>101</xmax>
                <ymax>182</ymax>
            </bndbox>
        </object>
    <object>
        <name>5</name>
        <pose>Unspecified</pose>
        <truncated>0</truncated>
        <difficult>0</difficult>
        <bndbox>
                <xmin>111</xmin>
                <ymin>44</ymin>
                <xmax>145</xmax>
                <ymax>179</ymax>
            </bndbox>
        </object>
    <object>
        <name>4</name>
        <pose>Unspecified</pose>
        <truncated>0</truncated>
        <difficult>0</difficult>
        <bndbox>
                <xmin>151</xmin>
                <ymin>31</ymin>
                <xmax>183</xmax>
                <ymax>180</ymax>
            </bndbox>
        </object>
    <object>
        <name>Z</name>
        <pose>Unspecified</pose>
        <truncated>0</truncated>
        <difficult>0</difficult>
        <bndbox>
                <xmin>210</xmin>
                <ymin>42</ymin>
                <xmax>238</xmax>
                <ymax>168</ymax>
            </bndbox>
        </object>
    <object>
        <name>B</name>
        <pose>Unspecified</pose>
        <truncated>0</truncated>
        <difficult>0</difficult>
        <bndbox>
                <xmin>246</xmin>
                <ymin>52</ymin>
                <xmax>275</xmax>
                <ymax>168</ymax>
            </bndbox>
        </object>
    <object>
        <name>B</name>
        <pose>Unspecified</pose>
        <truncated>0</truncated>
        <difficult>0</difficult>
        <bndbox>
                <xmin>285</xmin>
                <ymin>50</ymin>
                <xmax>317</xmax>
                <ymax>166</ymax>
            </bndbox>
        </object>
    </annotation>
