<annotation>
    <folder>From-Labelbox-license-characters-593images</folder>
    <filename>ckiczji41001u246a7lulhk7n.jpeg</filename>
    <path>/home/riotu/Object Detection/Datasets/Car-detection/License-characters/From-Labelbox-license-characters-593images/ckiczji41001u246a7lulhk7n.jpeg</path>
    <source>
        <database>Unknown</database>
    </source>
    <size>
        <width>455</width>
        <height>198</height>
        <depth>3</depth>
    </size>
    <segmented>0</segmented>
    <object>
        <name>7</name>
        <pose>Unspecified</pose>
        <truncated>0</truncated>
        <difficult>0</difficult>
        <bndbox>
                <xmin>37</xmin>
                <ymin>30</ymin>
                <xmax>82</xmax>
                <ymax>182</ymax>
            </bndbox>
        </object>
    <object>
        <name>0</name>
        <pose>Unspecified</pose>
        <truncated>0</truncated>
        <difficult>0</difficult>
        <bndbox>
                <xmin>91</xmin>
                <ymin>55</ymin>
                <xmax>132</xmax>
                <ymax>176</ymax>
            </bndbox>
        </object>
    <object>
        <name>9</name>
        <pose>Unspecified</pose>
        <truncated>0</truncated>
        <difficult>0</difficult>
        <bndbox>
                <xmin>136</xmin>
                <ymin>27</ymin>
                <xmax>179</xmax>
                <ymax>176</ymax>
            </bndbox>
        </object>
    <object>
        <name>0</name>
        <pose>Unspecified</pose>
        <truncated>0</truncated>
        <difficult>0</difficult>
        <bndbox>
                <xmin>185</xmin>
                <ymin>52</ymin>
                <xmax>226</xmax>
                <ymax>176</ymax>
            </bndbox>
        </object>
    <object>
        <name>H</name>
        <pose>Unspecified</pose>
        <truncated>0</truncated>
        <difficult>0</difficult>
        <bndbox>
                <xmin>248</xmin>
                <ymin>40</ymin>
                <xmax>286</xmax>
                <ymax>165</ymax>
            </bndbox>
        </object>
    <object>
        <name>H</name>
        <pose>Unspecified</pose>
        <truncated>0</truncated>
        <difficult>0</difficult>
        <bndbox>
                <xmin>301</xmin>
                <ymin>42</ymin>
                <xmax>338</xmax>
                <ymax>166</ymax>
            </bndbox>
        </object>
    <object>
        <name>J</name>
        <pose>Unspecified</pose>
        <truncated>0</truncated>
        <difficult>0</difficult>
        <bndbox>
                <xmin>345</xmin>
                <ymin>33</ymin>
                <xmax>385</xmax>
                <ymax>162</ymax>
            </bndbox>
        </object>
    </annotation>
