<annotation>
    <folder>From-Labelbox-license-characters-593images</folder>
    <filename>ckicuqmuw000h246a6qc5ndoj.jpeg</filename>
    <path>/home/riotu/Object Detection/Datasets/Car-detection/License-characters/From-Labelbox-license-characters-593images/ckicuqmuw000h246a6qc5ndoj.jpeg</path>
    <source>
        <database>Unknown</database>
    </source>
    <size>
        <width>159</width>
        <height>80</height>
        <depth>3</depth>
    </size>
    <segmented>0</segmented>
    <object>
        <name>3</name>
        <pose>Unspecified</pose>
        <truncated>0</truncated>
        <difficult>0</difficult>
        <bndbox>
                <xmin>14</xmin>
                <ymin>10</ymin>
                <xmax>28</xmax>
                <ymax>78</ymax>
            </bndbox>
        </object>
    <object>
        <name>7</name>
        <pose>Unspecified</pose>
        <truncated>0</truncated>
        <difficult>0</difficult>
        <bndbox>
                <xmin>31</xmin>
                <ymin>9</ymin>
                <xmax>46</xmax>
                <ymax>79</ymax>
            </bndbox>
        </object>
    <object>
        <name>5</name>
        <pose>Unspecified</pose>
        <truncated>0</truncated>
        <difficult>0</difficult>
        <bndbox>
                <xmin>50</xmin>
                <ymin>14</ymin>
                <xmax>64</xmax>
                <ymax>77</ymax>
            </bndbox>
        </object>
    <object>
        <name>4</name>
        <pose>Unspecified</pose>
        <truncated>0</truncated>
        <difficult>0</difficult>
        <bndbox>
                <xmin>67</xmin>
                <ymin>10</ymin>
                <xmax>82</xmax>
                <ymax>77</ymax>
            </bndbox>
        </object>
    <object>
        <name>V</name>
        <pose>Unspecified</pose>
        <truncated>0</truncated>
        <difficult>0</difficult>
        <bndbox>
                <xmin>92</xmin>
                <ymin>15</ymin>
                <xmax>105</xmax>
                <ymax>73</ymax>
            </bndbox>
        </object>
    <object>
        <name>L</name>
        <pose>Unspecified</pose>
        <truncated>0</truncated>
        <difficult>0</difficult>
        <bndbox>
                <xmin>111</xmin>
                <ymin>15</ymin>
                <xmax>123</xmax>
                <ymax>72</ymax>
            </bndbox>
        </object>
    <object>
        <name>J</name>
        <pose>Unspecified</pose>
        <truncated>0</truncated>
        <difficult>0</difficult>
        <bndbox>
                <xmin>127</xmin>
                <ymin>15</ymin>
                <xmax>140</xmax>
                <ymax>73</ymax>
            </bndbox>
        </object>
    </annotation>
