<annotation>
    <folder>From-Labelbox-license-characters-593images</folder>
    <filename>ckicy8cjl0016246aa8m39mec.jpeg</filename>
    <path>/home/riotu/Object Detection/Datasets/Car-detection/License-characters/From-Labelbox-license-characters-593images/ckicy8cjl0016246aa8m39mec.jpeg</path>
    <source>
        <database>Unknown</database>
    </source>
    <size>
        <width>330</width>
        <height>209</height>
        <depth>3</depth>
    </size>
    <segmented>0</segmented>
    <object>
        <name>5</name>
        <pose>Unspecified</pose>
        <truncated>0</truncated>
        <difficult>0</difficult>
        <bndbox>
                <xmin>25</xmin>
                <ymin>38</ymin>
                <xmax>59</xmax>
                <ymax>154</ymax>
            </bndbox>
        </object>
    <object>
        <name>8</name>
        <pose>Unspecified</pose>
        <truncated>0</truncated>
        <difficult>0</difficult>
        <bndbox>
                <xmin>62</xmin>
                <ymin>38</ymin>
                <xmax>93</xmax>
                <ymax>159</ymax>
            </bndbox>
        </object>
    <object>
        <name>5</name>
        <pose>Unspecified</pose>
        <truncated>0</truncated>
        <difficult>0</difficult>
        <bndbox>
                <xmin>98</xmin>
                <ymin>46</ymin>
                <xmax>128</xmax>
                <ymax>164</ymax>
            </bndbox>
        </object>
    <object>
        <name>4</name>
        <pose>Unspecified</pose>
        <truncated>0</truncated>
        <difficult>0</difficult>
        <bndbox>
                <xmin>132</xmin>
                <ymin>41</ymin>
                <xmax>162</xmax>
                <ymax>168</ymax>
            </bndbox>
        </object>
    <object>
        <name>U</name>
        <pose>Unspecified</pose>
        <truncated>0</truncated>
        <difficult>0</difficult>
        <bndbox>
                <xmin>183</xmin>
                <ymin>58</ymin>
                <xmax>209</xmax>
                <ymax>166</ymax>
            </bndbox>
        </object>
    <object>
        <name>D</name>
        <pose>Unspecified</pose>
        <truncated>0</truncated>
        <difficult>0</difficult>
        <bndbox>
                <xmin>216</xmin>
                <ymin>69</ymin>
                <xmax>242</xmax>
                <ymax>172</ymax>
            </bndbox>
        </object>
    <object>
        <name>J</name>
        <pose>Unspecified</pose>
        <truncated>0</truncated>
        <difficult>0</difficult>
        <bndbox>
                <xmin>251</xmin>
                <ymin>62</ymin>
                <xmax>276</xmax>
                <ymax>177</ymax>
            </bndbox>
        </object>
    </annotation>
