<annotation>
    <folder>From-Labelbox-license-characters-593images</folder>
    <filename>ckicxnvww000s246aa6qomudl.jpeg</filename>
    <path>/home/riotu/Object Detection/Datasets/Car-detection/License-characters/From-Labelbox-license-characters-593images/ckicxnvww000s246aa6qomudl.jpeg</path>
    <source>
        <database>Unknown</database>
    </source>
    <size>
        <width>339</width>
        <height>185</height>
        <depth>3</depth>
    </size>
    <segmented>0</segmented>
    <object>
        <name>3</name>
        <pose>Unspecified</pose>
        <truncated>0</truncated>
        <difficult>0</difficult>
        <bndbox>
                <xmin>15</xmin>
                <ymin>31</ymin>
                <xmax>47</xmax>
                <ymax>169</ymax>
            </bndbox>
        </object>
    <object>
        <name>0</name>
        <pose>Unspecified</pose>
        <truncated>0</truncated>
        <difficult>0</difficult>
        <bndbox>
                <xmin>54</xmin>
                <ymin>54</ymin>
                <xmax>83</xmax>
                <ymax>168</ymax>
            </bndbox>
        </object>
    <object>
        <name>4</name>
        <pose>Unspecified</pose>
        <truncated>0</truncated>
        <difficult>0</difficult>
        <bndbox>
                <xmin>90</xmin>
                <ymin>28</ymin>
                <xmax>120</xmax>
                <ymax>167</ymax>
            </bndbox>
        </object>
    <object>
        <name>7</name>
        <pose>Unspecified</pose>
        <truncated>0</truncated>
        <difficult>0</difficult>
        <bndbox>
                <xmin>126</xmin>
                <ymin>28</ymin>
                <xmax>155</xmax>
                <ymax>165</ymax>
            </bndbox>
        </object>
    <object>
        <name>J</name>
        <pose>Unspecified</pose>
        <truncated>0</truncated>
        <difficult>0</difficult>
        <bndbox>
                <xmin>173</xmin>
                <ymin>38</ymin>
                <xmax>201</xmax>
                <ymax>153</ymax>
            </bndbox>
        </object>
    <object>
        <name>B</name>
        <pose>Unspecified</pose>
        <truncated>0</truncated>
        <difficult>0</difficult>
        <bndbox>
                <xmin>209</xmin>
                <ymin>49</ymin>
                <xmax>237</xmax>
                <ymax>152</ymax>
            </bndbox>
        </object>
    <object>
        <name>B</name>
        <pose>Unspecified</pose>
        <truncated>0</truncated>
        <difficult>0</difficult>
        <bndbox>
                <xmin>245</xmin>
                <ymin>47</ymin>
                <xmax>271</xmax>
                <ymax>153</ymax>
            </bndbox>
        </object>
    </annotation>
