<annotation>
    <folder>From-Labelbox-license-characters-593images</folder>
    <filename>ckiczi93d001t246a08zhay6l.png</filename>
    <path>/home/riotu/Object Detection/Datasets/Car-detection/License-characters/From-Labelbox-license-characters-593images/ckiczi93d001t246a08zhay6l.png</path>
    <source>
        <database>Unknown</database>
    </source>
    <size>
        <width>155</width>
        <height>95</height>
        <depth>3</depth>
    </size>
    <segmented>0</segmented>
    <object>
        <name>4</name>
        <pose>Unspecified</pose>
        <truncated>0</truncated>
        <difficult>0</difficult>
        <bndbox>
                <xmin>12</xmin>
                <ymin>16</ymin>
                <xmax>25</xmax>
                <ymax>83</ymax>
            </bndbox>
        </object>
    <object>
        <name>0</name>
        <pose>Unspecified</pose>
        <truncated>0</truncated>
        <difficult>0</difficult>
        <bndbox>
                <xmin>27</xmin>
                <ymin>28</ymin>
                <xmax>42</xmax>
                <ymax>83</ymax>
            </bndbox>
        </object>
    <object>
        <name>0</name>
        <pose>Unspecified</pose>
        <truncated>0</truncated>
        <difficult>0</difficult>
        <bndbox>
                <xmin>43</xmin>
                <ymin>29</ymin>
                <xmax>57</xmax>
                <ymax>83</ymax>
            </bndbox>
        </object>
    <object>
        <name>3</name>
        <pose>Unspecified</pose>
        <truncated>0</truncated>
        <difficult>0</difficult>
        <bndbox>
                <xmin>60</xmin>
                <ymin>18</ymin>
                <xmax>74</xmax>
                <ymax>83</ymax>
            </bndbox>
        </object>
    <object>
        <name>T</name>
        <pose>Unspecified</pose>
        <truncated>0</truncated>
        <difficult>0</difficult>
        <bndbox>
                <xmin>86</xmin>
                <ymin>21</ymin>
                <xmax>97</xmax>
                <ymax>78</ymax>
            </bndbox>
        </object>
    <object>
        <name>H</name>
        <pose>Unspecified</pose>
        <truncated>0</truncated>
        <difficult>0</difficult>
        <bndbox>
                <xmin>100</xmin>
                <ymin>24</ymin>
                <xmax>114</xmax>
                <ymax>78</ymax>
            </bndbox>
        </object>
    <object>
        <name>J</name>
        <pose>Unspecified</pose>
        <truncated>0</truncated>
        <difficult>0</difficult>
        <bndbox>
                <xmin>115</xmin>
                <ymin>21</ymin>
                <xmax>129</xmax>
                <ymax>78</ymax>
            </bndbox>
        </object>
    </annotation>
