<annotation>
    <folder>From-Labelbox-license-characters-593images</folder>
    <filename>ckicxr7mc000t246at3qyper2.jpeg</filename>
    <path>/home/riotu/Object Detection/Datasets/Car-detection/License-characters/From-Labelbox-license-characters-593images/ckicxr7mc000t246at3qyper2.jpeg</path>
    <source>
        <database>Unknown</database>
    </source>
    <size>
        <width>289</width>
        <height>177</height>
        <depth>3</depth>
    </size>
    <segmented>0</segmented>
    <object>
        <name>2</name>
        <pose>Unspecified</pose>
        <truncated>0</truncated>
        <difficult>0</difficult>
        <bndbox>
                <xmin>27</xmin>
                <ymin>44</ymin>
                <xmax>53</xmax>
                <ymax>163</ymax>
            </bndbox>
        </object>
    <object>
        <name>5</name>
        <pose>Unspecified</pose>
        <truncated>0</truncated>
        <difficult>0</difficult>
        <bndbox>
                <xmin>56</xmin>
                <ymin>50</ymin>
                <xmax>81</xmax>
                <ymax>159</ymax>
            </bndbox>
        </object>
    <object>
        <name>6</name>
        <pose>Unspecified</pose>
        <truncated>0</truncated>
        <difficult>0</difficult>
        <bndbox>
                <xmin>84</xmin>
                <ymin>40</ymin>
                <xmax>109</xmax>
                <ymax>157</ymax>
            </bndbox>
        </object>
    <object>
        <name>6</name>
        <pose>Unspecified</pose>
        <truncated>0</truncated>
        <difficult>0</difficult>
        <bndbox>
                <xmin>114</xmin>
                <ymin>37</ymin>
                <xmax>140</xmax>
                <ymax>152</ymax>
            </bndbox>
        </object>
    <object>
        <name>H</name>
        <pose>Unspecified</pose>
        <truncated>0</truncated>
        <difficult>0</difficult>
        <bndbox>
                <xmin>163</xmin>
                <ymin>48</ymin>
                <xmax>185</xmax>
                <ymax>142</ymax>
            </bndbox>
        </object>
    <object>
        <name>G</name>
        <pose>Unspecified</pose>
        <truncated>0</truncated>
        <difficult>0</difficult>
        <bndbox>
                <xmin>192</xmin>
                <ymin>42</ymin>
                <xmax>213</xmax>
                <ymax>139</ymax>
            </bndbox>
        </object>
    <object>
        <name>D</name>
        <pose>Unspecified</pose>
        <truncated>0</truncated>
        <difficult>0</difficult>
        <bndbox>
                <xmin>221</xmin>
                <ymin>45</ymin>
                <xmax>241</xmax>
                <ymax>138</ymax>
            </bndbox>
        </object>
    </annotation>
