<annotation>
    <folder>From-Labelbox-license-characters-593images</folder>
    <filename>ckicywqzd001g246afybws3vv.jpeg</filename>
    <path>/home/riotu/Object Detection/Datasets/Car-detection/License-characters/From-Labelbox-license-characters-593images/ckicywqzd001g246afybws3vv.jpeg</path>
    <source>
        <database>Unknown</database>
    </source>
    <size>
        <width>285</width>
        <height>152</height>
        <depth>3</depth>
    </size>
    <segmented>0</segmented>
    <object>
        <name>3</name>
        <pose>Unspecified</pose>
        <truncated>0</truncated>
        <difficult>0</difficult>
        <bndbox>
                <xmin>24</xmin>
                <ymin>24</ymin>
                <xmax>52</xmax>
                <ymax>138</ymax>
            </bndbox>
        </object>
    <object>
        <name>3</name>
        <pose>Unspecified</pose>
        <truncated>0</truncated>
        <difficult>0</difficult>
        <bndbox>
                <xmin>53</xmin>
                <ymin>22</ymin>
                <xmax>82</xmax>
                <ymax>138</ymax>
            </bndbox>
        </object>
    <object>
        <name>3</name>
        <pose>Unspecified</pose>
        <truncated>0</truncated>
        <difficult>0</difficult>
        <bndbox>
                <xmin>82</xmin>
                <ymin>21</ymin>
                <xmax>110</xmax>
                <ymax>137</ymax>
            </bndbox>
        </object>
    <object>
        <name>8</name>
        <pose>Unspecified</pose>
        <truncated>0</truncated>
        <difficult>0</difficult>
        <bndbox>
                <xmin>112</xmin>
                <ymin>20</ymin>
                <xmax>141</xmax>
                <ymax>135</ymax>
            </bndbox>
        </object>
    <object>
        <name>T</name>
        <pose>Unspecified</pose>
        <truncated>0</truncated>
        <difficult>0</difficult>
        <bndbox>
                <xmin>161</xmin>
                <ymin>29</ymin>
                <xmax>184</xmax>
                <ymax>128</ymax>
            </bndbox>
        </object>
    <object>
        <name>N</name>
        <pose>Unspecified</pose>
        <truncated>0</truncated>
        <difficult>0</difficult>
        <bndbox>
                <xmin>190</xmin>
                <ymin>29</ymin>
                <xmax>216</xmax>
                <ymax>128</ymax>
            </bndbox>
        </object>
    <object>
        <name>J</name>
        <pose>Unspecified</pose>
        <truncated>0</truncated>
        <difficult>0</difficult>
        <bndbox>
                <xmin>220</xmin>
                <ymin>29</ymin>
                <xmax>244</xmax>
                <ymax>128</ymax>
            </bndbox>
        </object>
    </annotation>
