<annotation>
    <folder>From-Labelbox-license-characters-593images</folder>
    <filename>ckictycsy0002246ajt63dkm5.jpeg</filename>
    <path>/home/riotu/Object Detection/Datasets/Car-detection/License-characters/From-Labelbox-license-characters-593images/ckictycsy0002246ajt63dkm5.jpeg</path>
    <source>
        <database>Unknown</database>
    </source>
    <size>
        <width>311</width>
        <height>162</height>
        <depth>3</depth>
    </size>
    <segmented>0</segmented>
    <object>
        <name>3</name>
        <pose>Unspecified</pose>
        <truncated>0</truncated>
        <difficult>0</difficult>
        <bndbox>
                <xmin>15</xmin>
                <ymin>15</ymin>
                <xmax>43</xmax>
                <ymax>147</ymax>
            </bndbox>
        </object>
    <object>
        <name>6</name>
        <pose>Unspecified</pose>
        <truncated>0</truncated>
        <difficult>0</difficult>
        <bndbox>
                <xmin>46</xmin>
                <ymin>15</ymin>
                <xmax>77</xmax>
                <ymax>147</ymax>
            </bndbox>
        </object>
    <object>
        <name>9</name>
        <pose>Unspecified</pose>
        <truncated>0</truncated>
        <difficult>0</difficult>
        <bndbox>
                <xmin>82</xmin>
                <ymin>15</ymin>
                <xmax>109</xmax>
                <ymax>148</ymax>
            </bndbox>
        </object>
    <object>
        <name>0</name>
        <pose>Unspecified</pose>
        <truncated>0</truncated>
        <difficult>0</difficult>
        <bndbox>
                <xmin>115</xmin>
                <ymin>37</ymin>
                <xmax>144</xmax>
                <ymax>147</ymax>
            </bndbox>
        </object>
    <object>
        <name>J</name>
        <pose>Unspecified</pose>
        <truncated>0</truncated>
        <difficult>0</difficult>
        <bndbox>
                <xmin>160</xmin>
                <ymin>26</ymin>
                <xmax>186</xmax>
                <ymax>138</ymax>
            </bndbox>
        </object>
    <object>
        <name>B</name>
        <pose>Unspecified</pose>
        <truncated>0</truncated>
        <difficult>0</difficult>
        <bndbox>
                <xmin>193</xmin>
                <ymin>37</ymin>
                <xmax>219</xmax>
                <ymax>138</ymax>
            </bndbox>
        </object>
    <object>
        <name>A</name>
        <pose>Unspecified</pose>
        <truncated>0</truncated>
        <difficult>0</difficult>
        <bndbox>
                <xmin>227</xmin>
                <ymin>27</ymin>
                <xmax>251</xmax>
                <ymax>139</ymax>
            </bndbox>
        </object>
    </annotation>
