<annotation>
    <folder>From-Labelbox-license-characters-593images</folder>
    <filename>ckicxayjl000m246ac9srfztg.png</filename>
    <path>/home/riotu/Object Detection/Datasets/Car-detection/License-characters/From-Labelbox-license-characters-593images/ckicxayjl000m246ac9srfztg.png</path>
    <source>
        <database>Unknown</database>
    </source>
    <size>
        <width>700</width>
        <height>439</height>
        <depth>3</depth>
    </size>
    <segmented>0</segmented>
    <object>
        <name>4</name>
        <pose>Unspecified</pose>
        <truncated>0</truncated>
        <difficult>0</difficult>
        <bndbox>
                <xmin>28</xmin>
                <ymin>45</ymin>
                <xmax>93</xmax>
                <ymax>382</ymax>
            </bndbox>
        </object>
    <object>
        <name>5</name>
        <pose>Unspecified</pose>
        <truncated>0</truncated>
        <difficult>0</difficult>
        <bndbox>
                <xmin>104</xmin>
                <ymin>70</ymin>
                <xmax>165</xmax>
                <ymax>383</ymax>
            </bndbox>
        </object>
    <object>
        <name>6</name>
        <pose>Unspecified</pose>
        <truncated>0</truncated>
        <difficult>0</difficult>
        <bndbox>
                <xmin>176</xmin>
                <ymin>46</ymin>
                <xmax>237</xmax>
                <ymax>383</ymax>
            </bndbox>
        </object>
    <object>
        <name>5</name>
        <pose>Unspecified</pose>
        <truncated>0</truncated>
        <difficult>0</difficult>
        <bndbox>
                <xmin>250</xmin>
                <ymin>71</ymin>
                <xmax>313</xmax>
                <ymax>383</ymax>
            </bndbox>
        </object>
    <object>
        <name>K</name>
        <pose>Unspecified</pose>
        <truncated>0</truncated>
        <difficult>0</difficult>
        <bndbox>
                <xmin>348</xmin>
                <ymin>76</ymin>
                <xmax>401</xmax>
                <ymax>362</ymax>
            </bndbox>
        </object>
    <object>
        <name>A</name>
        <pose>Unspecified</pose>
        <truncated>0</truncated>
        <difficult>0</difficult>
        <bndbox>
                <xmin>425</xmin>
                <ymin>76</ymin>
                <xmax>476</xmax>
                <ymax>361</ymax>
            </bndbox>
        </object>
    <object>
        <name>A</name>
        <pose>Unspecified</pose>
        <truncated>0</truncated>
        <difficult>0</difficult>
        <bndbox>
                <xmin>497</xmin>
                <ymin>75</ymin>
                <xmax>547</xmax>
                <ymax>364</ymax>
            </bndbox>
        </object>
    </annotation>
