<annotation>
    <folder>From-Labelbox-license-characters-593images</folder>
    <filename>ckiczvohi0023246aa34hjkpp.jpeg</filename>
    <path>/home/riotu/Object Detection/Datasets/Car-detection/License-characters/From-Labelbox-license-characters-593images/ckiczvohi0023246aa34hjkpp.jpeg</path>
    <source>
        <database>Unknown</database>
    </source>
    <size>
        <width>393</width>
        <height>182</height>
        <depth>3</depth>
    </size>
    <segmented>0</segmented>
    <object>
        <name>7</name>
        <pose>Unspecified</pose>
        <truncated>0</truncated>
        <difficult>0</difficult>
        <bndbox>
                <xmin>27</xmin>
                <ymin>26</ymin>
                <xmax>68</xmax>
                <ymax>170</ymax>
            </bndbox>
        </object>
    <object>
        <name>3</name>
        <pose>Unspecified</pose>
        <truncated>0</truncated>
        <difficult>0</difficult>
        <bndbox>
                <xmin>71</xmin>
                <ymin>24</ymin>
                <xmax>109</xmax>
                <ymax>169</ymax>
            </bndbox>
        </object>
    <object>
        <name>7</name>
        <pose>Unspecified</pose>
        <truncated>0</truncated>
        <difficult>0</difficult>
        <bndbox>
                <xmin>114</xmin>
                <ymin>26</ymin>
                <xmax>149</xmax>
                <ymax>169</ymax>
            </bndbox>
        </object>
    <object>
        <name>5</name>
        <pose>Unspecified</pose>
        <truncated>0</truncated>
        <difficult>0</difficult>
        <bndbox>
                <xmin>157</xmin>
                <ymin>35</ymin>
                <xmax>192</xmax>
                <ymax>167</ymax>
            </bndbox>
        </object>
    <object>
        <name>T</name>
        <pose>Unspecified</pose>
        <truncated>0</truncated>
        <difficult>0</difficult>
        <bndbox>
                <xmin>215</xmin>
                <ymin>34</ymin>
                <xmax>245</xmax>
                <ymax>159</ymax>
            </bndbox>
        </object>
    <object>
        <name>R</name>
        <pose>Unspecified</pose>
        <truncated>0</truncated>
        <difficult>0</difficult>
        <bndbox>
                <xmin>257</xmin>
                <ymin>43</ymin>
                <xmax>288</xmax>
                <ymax>159</ymax>
            </bndbox>
        </object>
    <object>
        <name>J</name>
        <pose>Unspecified</pose>
        <truncated>0</truncated>
        <difficult>0</difficult>
        <bndbox>
                <xmin>299</xmin>
                <ymin>33</ymin>
                <xmax>331</xmax>
                <ymax>154</ymax>
            </bndbox>
        </object>
    </annotation>
