<annotation>
    <folder>From-Labelbox-license-characters-593images</folder>
    <filename>ckiczx5ue0024246ac10szzqk.jpeg</filename>
    <path>/home/riotu/Object Detection/Datasets/Car-detection/License-characters/From-Labelbox-license-characters-593images/ckiczx5ue0024246ac10szzqk.jpeg</path>
    <source>
        <database>Unknown</database>
    </source>
    <size>
        <width>402</width>
        <height>208</height>
        <depth>3</depth>
    </size>
    <segmented>0</segmented>
    <object>
        <name>4</name>
        <pose>Unspecified</pose>
        <truncated>0</truncated>
        <difficult>0</difficult>
        <bndbox>
                <xmin>37</xmin>
                <ymin>36</ymin>
                <xmax>75</xmax>
                <ymax>198</ymax>
            </bndbox>
        </object>
    <object>
        <name>6</name>
        <pose>Unspecified</pose>
        <truncated>0</truncated>
        <difficult>0</difficult>
        <bndbox>
                <xmin>76</xmin>
                <ymin>34</ymin>
                <xmax>114</xmax>
                <ymax>195</ymax>
            </bndbox>
        </object>
    <object>
        <name>9</name>
        <pose>Unspecified</pose>
        <truncated>0</truncated>
        <difficult>0</difficult>
        <bndbox>
                <xmin>119</xmin>
                <ymin>31</ymin>
                <xmax>155</xmax>
                <ymax>191</ymax>
            </bndbox>
        </object>
    <object>
        <name>8</name>
        <pose>Unspecified</pose>
        <truncated>0</truncated>
        <difficult>0</difficult>
        <bndbox>
                <xmin>161</xmin>
                <ymin>29</ymin>
                <xmax>197</xmax>
                <ymax>189</ymax>
            </bndbox>
        </object>
    <object>
        <name>L</name>
        <pose>Unspecified</pose>
        <truncated>0</truncated>
        <difficult>0</difficult>
        <bndbox>
                <xmin>227</xmin>
                <ymin>36</ymin>
                <xmax>257</xmax>
                <ymax>175</ymax>
            </bndbox>
        </object>
    <object>
        <name>Z</name>
        <pose>Unspecified</pose>
        <truncated>0</truncated>
        <difficult>0</difficult>
        <bndbox>
                <xmin>271</xmin>
                <ymin>35</ymin>
                <xmax>299</xmax>
                <ymax>172</ymax>
            </bndbox>
        </object>
    <object>
        <name>J</name>
        <pose>Unspecified</pose>
        <truncated>0</truncated>
        <difficult>0</difficult>
        <bndbox>
                <xmin>307</xmin>
                <ymin>35</ymin>
                <xmax>339</xmax>
                <ymax>170</ymax>
            </bndbox>
        </object>
    </annotation>
