<annotation>
    <folder>From-Labelbox-license-characters-593images</folder>
    <filename>ckiczyhvx0025246aw1urmz65.jpeg</filename>
    <path>/home/riotu/Object Detection/Datasets/Car-detection/License-characters/From-Labelbox-license-characters-593images/ckiczyhvx0025246aw1urmz65.jpeg</path>
    <source>
        <database>Unknown</database>
    </source>
    <size>
        <width>502</width>
        <height>216</height>
        <depth>3</depth>
    </size>
    <segmented>0</segmented>
    <object>
        <name>7</name>
        <pose>Unspecified</pose>
        <truncated>0</truncated>
        <difficult>0</difficult>
        <bndbox>
                <xmin>38</xmin>
                <ymin>34</ymin>
                <xmax>87</xmax>
                <ymax>203</ymax>
            </bndbox>
        </object>
    <object>
        <name>8</name>
        <pose>Unspecified</pose>
        <truncated>0</truncated>
        <difficult>0</difficult>
        <bndbox>
                <xmin>95</xmin>
                <ymin>36</ymin>
                <xmax>144</xmax>
                <ymax>202</ymax>
            </bndbox>
        </object>
    <object>
        <name>3</name>
        <pose>Unspecified</pose>
        <truncated>0</truncated>
        <difficult>0</difficult>
        <bndbox>
                <xmin>144</xmin>
                <ymin>36</ymin>
                <xmax>195</xmax>
                <ymax>203</ymax>
            </bndbox>
        </object>
    <object>
        <name>6</name>
        <pose>Unspecified</pose>
        <truncated>0</truncated>
        <difficult>0</difficult>
        <bndbox>
                <xmin>193</xmin>
                <ymin>34</ymin>
                <xmax>248</xmax>
                <ymax>202</ymax>
            </bndbox>
        </object>
    <object>
        <name>V</name>
        <pose>Unspecified</pose>
        <truncated>0</truncated>
        <difficult>0</difficult>
        <bndbox>
                <xmin>278</xmin>
                <ymin>50</ymin>
                <xmax>321</xmax>
                <ymax>191</ymax>
            </bndbox>
        </object>
    <object>
        <name>X</name>
        <pose>Unspecified</pose>
        <truncated>0</truncated>
        <difficult>0</difficult>
        <bndbox>
                <xmin>329</xmin>
                <ymin>57</ymin>
                <xmax>374</xmax>
                <ymax>189</ymax>
            </bndbox>
        </object>
    <object>
        <name>J</name>
        <pose>Unspecified</pose>
        <truncated>0</truncated>
        <difficult>0</difficult>
        <bndbox>
                <xmin>386</xmin>
                <ymin>46</ymin>
                <xmax>428</xmax>
                <ymax>188</ymax>
            </bndbox>
        </object>
    </annotation>
