<annotation>
    <folder>From-Labelbox-license-characters-593images</folder>
    <filename>ckicu0kmg0003246ab7jnyofh.jpeg</filename>
    <path>/home/riotu/Object Detection/Datasets/Car-detection/License-characters/From-Labelbox-license-characters-593images/ckicu0kmg0003246ab7jnyofh.jpeg</path>
    <source>
        <database>Unknown</database>
    </source>
    <size>
        <width>290</width>
        <height>174</height>
        <depth>3</depth>
    </size>
    <segmented>0</segmented>
    <object>
        <name>5</name>
        <pose>Unspecified</pose>
        <truncated>0</truncated>
        <difficult>0</difficult>
        <bndbox>
                <xmin>15</xmin>
                <ymin>26</ymin>
                <xmax>41</xmax>
                <ymax>136</ymax>
            </bndbox>
        </object>
    <object>
        <name>5</name>
        <pose>Unspecified</pose>
        <truncated>0</truncated>
        <difficult>0</difficult>
        <bndbox>
                <xmin>47</xmin>
                <ymin>27</ymin>
                <xmax>73</xmax>
                <ymax>138</ymax>
            </bndbox>
        </object>
    <object>
        <name>7</name>
        <pose>Unspecified</pose>
        <truncated>0</truncated>
        <difficult>0</difficult>
        <bndbox>
                <xmin>77</xmin>
                <ymin>18</ymin>
                <xmax>103</xmax>
                <ymax>137</ymax>
            </bndbox>
        </object>
    <object>
        <name>8</name>
        <pose>Unspecified</pose>
        <truncated>0</truncated>
        <difficult>0</difficult>
        <bndbox>
                <xmin>108</xmin>
                <ymin>18</ymin>
                <xmax>133</xmax>
                <ymax>138</ymax>
            </bndbox>
        </object>
    <object>
        <name>K</name>
        <pose>Unspecified</pose>
        <truncated>0</truncated>
        <difficult>0</difficult>
        <bndbox>
                <xmin>150</xmin>
                <ymin>28</ymin>
                <xmax>172</xmax>
                <ymax>129</ymax>
            </bndbox>
        </object>
    <object>
        <name>G</name>
        <pose>Unspecified</pose>
        <truncated>0</truncated>
        <difficult>0</difficult>
        <bndbox>
                <xmin>181</xmin>
                <ymin>29</ymin>
                <xmax>204</xmax>
                <ymax>130</ymax>
            </bndbox>
        </object>
    <object>
        <name>A</name>
        <pose>Unspecified</pose>
        <truncated>0</truncated>
        <difficult>0</difficult>
        <bndbox>
                <xmin>212</xmin>
                <ymin>27</ymin>
                <xmax>232</xmax>
                <ymax>128</ymax>
            </bndbox>
        </object>
    </annotation>
