<annotation>
    <folder>From-Labelbox-license-characters-593images</folder>
    <filename>ckicyiij20018246aw3jdv0t7.jpeg</filename>
    <path>/home/riotu/Object Detection/Datasets/Car-detection/License-characters/From-Labelbox-license-characters-593images/ckicyiij20018246aw3jdv0t7.jpeg</path>
    <source>
        <database>Unknown</database>
    </source>
    <size>
        <width>362</width>
        <height>237</height>
        <depth>3</depth>
    </size>
    <segmented>0</segmented>
    <object>
        <name>3</name>
        <pose>Unspecified</pose>
        <truncated>0</truncated>
        <difficult>0</difficult>
        <bndbox>
                <xmin>21</xmin>
                <ymin>28</ymin>
                <xmax>63</xmax>
                <ymax>165</ymax>
            </bndbox>
        </object>
    <object>
        <name>0</name>
        <pose>Unspecified</pose>
        <truncated>0</truncated>
        <difficult>0</difficult>
        <bndbox>
                <xmin>67</xmin>
                <ymin>57</ymin>
                <xmax>100</xmax>
                <ymax>171</ymax>
            </bndbox>
        </object>
    <object>
        <name>4</name>
        <pose>Unspecified</pose>
        <truncated>0</truncated>
        <difficult>0</difficult>
        <bndbox>
                <xmin>101</xmin>
                <ymin>35</ymin>
                <xmax>135</xmax>
                <ymax>175</ymax>
            </bndbox>
        </object>
    <object>
        <name>7</name>
        <pose>Unspecified</pose>
        <truncated>0</truncated>
        <difficult>0</difficult>
        <bndbox>
                <xmin>135</xmin>
                <ymin>47</ymin>
                <xmax>170</xmax>
                <ymax>179</ymax>
            </bndbox>
        </object>
    <object>
        <name>J</name>
        <pose>Unspecified</pose>
        <truncated>0</truncated>
        <difficult>0</difficult>
        <bndbox>
                <xmin>185</xmin>
                <ymin>67</ymin>
                <xmax>222</xmax>
                <ymax>183</ymax>
            </bndbox>
        </object>
    <object>
        <name>B</name>
        <pose>Unspecified</pose>
        <truncated>0</truncated>
        <difficult>0</difficult>
        <bndbox>
                <xmin>224</xmin>
                <ymin>84</ymin>
                <xmax>258</xmax>
                <ymax>187</ymax>
            </bndbox>
        </object>
    <object>
        <name>B</name>
        <pose>Unspecified</pose>
        <truncated>0</truncated>
        <difficult>0</difficult>
        <bndbox>
                <xmin>261</xmin>
                <ymin>91</ymin>
                <xmax>292</xmax>
                <ymax>197</ymax>
            </bndbox>
        </object>
    </annotation>
