<annotation>
    <folder>From-Labelbox-license-characters-593images</folder>
    <filename>ckictw05s0001246aeel6cew4.jpeg</filename>
    <path>/home/riotu/Object Detection/Datasets/Car-detection/License-characters/From-Labelbox-license-characters-593images/ckictw05s0001246aeel6cew4.jpeg</path>
    <source>
        <database>Unknown</database>
    </source>
    <size>
        <width>314</width>
        <height>161</height>
        <depth>3</depth>
    </size>
    <segmented>0</segmented>
    <object>
        <name>3</name>
        <pose>Unspecified</pose>
        <truncated>0</truncated>
        <difficult>0</difficult>
        <bndbox>
                <xmin>15</xmin>
                <ymin>20</ymin>
                <xmax>44</xmax>
                <ymax>149</ymax>
            </bndbox>
        </object>
    <object>
        <name>2</name>
        <pose>Unspecified</pose>
        <truncated>0</truncated>
        <difficult>0</difficult>
        <bndbox>
                <xmin>48</xmin>
                <ymin>18</ymin>
                <xmax>76</xmax>
                <ymax>149</ymax>
            </bndbox>
        </object>
    <object>
        <name>5</name>
        <pose>Unspecified</pose>
        <truncated>0</truncated>
        <difficult>0</difficult>
        <bndbox>
                <xmin>82</xmin>
                <ymin>26</ymin>
                <xmax>110</xmax>
                <ymax>149</ymax>
            </bndbox>
        </object>
    <object>
        <name>2</name>
        <pose>Unspecified</pose>
        <truncated>0</truncated>
        <difficult>0</difficult>
        <bndbox>
                <xmin>116</xmin>
                <ymin>16</ymin>
                <xmax>143</xmax>
                <ymax>148</ymax>
            </bndbox>
        </object>
    <object>
        <name>D</name>
        <pose>Unspecified</pose>
        <truncated>0</truncated>
        <difficult>0</difficult>
        <bndbox>
                <xmin>161</xmin>
                <ymin>35</ymin>
                <xmax>186</xmax>
                <ymax>138</ymax>
            </bndbox>
        </object>
    <object>
        <name>L</name>
        <pose>Unspecified</pose>
        <truncated>0</truncated>
        <difficult>0</difficult>
        <bndbox>
                <xmin>195</xmin>
                <ymin>26</ymin>
                <xmax>220</xmax>
                <ymax>138</ymax>
            </bndbox>
        </object>
    <object>
        <name>B</name>
        <pose>Unspecified</pose>
        <truncated>0</truncated>
        <difficult>0</difficult>
        <bndbox>
                <xmin>227</xmin>
                <ymin>38</ymin>
                <xmax>253</xmax>
                <ymax>137</ymax>
            </bndbox>
        </object>
    </annotation>
