<annotation>
    <folder>From-Labelbox-license-characters-593images</folder>
    <filename>ckid0s182002q246a04leqzk8.jpeg</filename>
    <path>/home/riotu/Object Detection/Datasets/Car-detection/License-characters/From-Labelbox-license-characters-593images/ckid0s182002q246a04leqzk8.jpeg</path>
    <source>
        <database>Unknown</database>
    </source>
    <size>
        <width>356</width>
        <height>198</height>
        <depth>3</depth>
    </size>
    <segmented>0</segmented>
    <object>
        <name>8</name>
        <pose>Unspecified</pose>
        <truncated>0</truncated>
        <difficult>0</difficult>
        <bndbox>
                <xmin>33</xmin>
                <ymin>33</ymin>
                <xmax>65</xmax>
                <ymax>175</ymax>
            </bndbox>
        </object>
    <object>
        <name>3</name>
        <pose>Unspecified</pose>
        <truncated>0</truncated>
        <difficult>0</difficult>
        <bndbox>
                <xmin>72</xmin>
                <ymin>33</ymin>
                <xmax>103</xmax>
                <ymax>175</ymax>
            </bndbox>
        </object>
    <object>
        <name>4</name>
        <pose>Unspecified</pose>
        <truncated>0</truncated>
        <difficult>0</difficult>
        <bndbox>
                <xmin>106</xmin>
                <ymin>32</ymin>
                <xmax>141</xmax>
                <ymax>174</ymax>
            </bndbox>
        </object>
    <object>
        <name>9</name>
        <pose>Unspecified</pose>
        <truncated>0</truncated>
        <difficult>0</difficult>
        <bndbox>
                <xmin>145</xmin>
                <ymin>30</ymin>
                <xmax>178</xmax>
                <ymax>173</ymax>
            </bndbox>
        </object>
    <object>
        <name>L</name>
        <pose>Unspecified</pose>
        <truncated>0</truncated>
        <difficult>0</difficult>
        <bndbox>
                <xmin>196</xmin>
                <ymin>39</ymin>
                <xmax>225</xmax>
                <ymax>162</ymax>
            </bndbox>
        </object>
    <object>
        <name>D</name>
        <pose>Unspecified</pose>
        <truncated>0</truncated>
        <difficult>0</difficult>
        <bndbox>
                <xmin>233</xmin>
                <ymin>49</ymin>
                <xmax>262</xmax>
                <ymax>160</ymax>
            </bndbox>
        </object>
    <object>
        <name>J</name>
        <pose>Unspecified</pose>
        <truncated>0</truncated>
        <difficult>0</difficult>
        <bndbox>
                <xmin>269</xmin>
                <ymin>40</ymin>
                <xmax>301</xmax>
                <ymax>160</ymax>
            </bndbox>
        </object>
    </annotation>
