<annotation>
    <folder>From-Labelbox-license-characters-593images</folder>
    <filename>ckid19fcu0034246aw34h6212.jpeg</filename>
    <path>/home/riotu/Object Detection/Datasets/Car-detection/License-characters/From-Labelbox-license-characters-593images/ckid19fcu0034246aw34h6212.jpeg</path>
    <source>
        <database>Unknown</database>
    </source>
    <size>
        <width>468</width>
        <height>208</height>
        <depth>3</depth>
    </size>
    <segmented>0</segmented>
    <object>
        <name>2</name>
        <pose>Unspecified</pose>
        <truncated>0</truncated>
        <difficult>0</difficult>
        <bndbox>
                <xmin>24</xmin>
                <ymin>29</ymin>
                <xmax>63</xmax>
                <ymax>188</ymax>
            </bndbox>
        </object>
    <object>
        <name>8</name>
        <pose>Unspecified</pose>
        <truncated>0</truncated>
        <difficult>0</difficult>
        <bndbox>
                <xmin>71</xmin>
                <ymin>30</ymin>
                <xmax>112</xmax>
                <ymax>186</ymax>
            </bndbox>
        </object>
    <object>
        <name>0</name>
        <pose>Unspecified</pose>
        <truncated>0</truncated>
        <difficult>0</difficult>
        <bndbox>
                <xmin>121</xmin>
                <ymin>58</ymin>
                <xmax>161</xmax>
                <ymax>188</ymax>
            </bndbox>
        </object>
    <object>
        <name>6</name>
        <pose>Unspecified</pose>
        <truncated>0</truncated>
        <difficult>0</difficult>
        <bndbox>
                <xmin>169</xmin>
                <ymin>28</ymin>
                <xmax>211</xmax>
                <ymax>185</ymax>
            </bndbox>
        </object>
    <object>
        <name>S</name>
        <pose>Unspecified</pose>
        <truncated>0</truncated>
        <difficult>0</difficult>
        <bndbox>
                <xmin>235</xmin>
                <ymin>50</ymin>
                <xmax>271</xmax>
                <ymax>174</ymax>
            </bndbox>
        </object>
    <object>
        <name>B</name>
        <pose>Unspecified</pose>
        <truncated>0</truncated>
        <difficult>0</difficult>
        <bndbox>
                <xmin>285</xmin>
                <ymin>56</ymin>
                <xmax>320</xmax>
                <ymax>174</ymax>
            </bndbox>
        </object>
    <object>
        <name>A</name>
        <pose>Unspecified</pose>
        <truncated>0</truncated>
        <difficult>0</difficult>
        <bndbox>
                <xmin>334</xmin>
                <ymin>37</ymin>
                <xmax>364</xmax>
                <ymax>174</ymax>
            </bndbox>
        </object>
    </annotation>
