<annotation>
    <folder>From-Labelbox-license-characters-593images</folder>
    <filename>ckid034t30028246a9krxpo70.png</filename>
    <path>/home/riotu/Object Detection/Datasets/Car-detection/License-characters/From-Labelbox-license-characters-593images/ckid034t30028246a9krxpo70.png</path>
    <source>
        <database>Unknown</database>
    </source>
    <size>
        <width>155</width>
        <height>47</height>
        <depth>3</depth>
    </size>
    <segmented>0</segmented>
    <object>
        <name>9</name>
        <pose>Unspecified</pose>
        <truncated>0</truncated>
        <difficult>0</difficult>
        <bndbox>
                <xmin>16</xmin>
                <ymin>2</ymin>
                <xmax>26</xmax>
                <ymax>34</ymax>
            </bndbox>
        </object>
    <object>
        <name>4</name>
        <pose>Unspecified</pose>
        <truncated>0</truncated>
        <difficult>0</difficult>
        <bndbox>
                <xmin>28</xmin>
                <ymin>3</ymin>
                <xmax>36</xmax>
                <ymax>35</ymax>
            </bndbox>
        </object>
    <object>
        <name>5</name>
        <pose>Unspecified</pose>
        <truncated>0</truncated>
        <difficult>0</difficult>
        <bndbox>
                <xmin>39</xmin>
                <ymin>6</ymin>
                <xmax>48</xmax>
                <ymax>36</ymax>
            </bndbox>
        </object>
    <object>
        <name>4</name>
        <pose>Unspecified</pose>
        <truncated>0</truncated>
        <difficult>0</difficult>
        <bndbox>
                <xmin>50</xmin>
                <ymin>6</ymin>
                <xmax>61</xmax>
                <ymax>37</ymax>
            </bndbox>
        </object>
    <object>
        <name>B</name>
        <pose>Unspecified</pose>
        <truncated>0</truncated>
        <difficult>0</difficult>
        <bndbox>
                <xmin>96</xmin>
                <ymin>14</ymin>
                <xmax>108</xmax>
                <ymax>42</ymax>
            </bndbox>
        </object>
    <object>
        <name>K</name>
        <pose>Unspecified</pose>
        <truncated>0</truncated>
        <difficult>0</difficult>
        <bndbox>
                <xmin>110</xmin>
                <ymin>13</ymin>
                <xmax>122</xmax>
                <ymax>44</ymax>
            </bndbox>
        </object>
    <object>
        <name>J</name>
        <pose>Unspecified</pose>
        <truncated>0</truncated>
        <difficult>0</difficult>
        <bndbox>
                <xmin>125</xmin>
                <ymin>12</ymin>
                <xmax>136</xmax>
                <ymax>45</ymax>
            </bndbox>
        </object>
    </annotation>
