<annotation>
    <folder>From-Labelbox-license-characters-593images</folder>
    <filename>ckid1rccj003h246a1p6yi7he.jpeg</filename>
    <path>/home/riotu/Object Detection/Datasets/Car-detection/License-characters/From-Labelbox-license-characters-593images/ckid1rccj003h246a1p6yi7he.jpeg</path>
    <source>
        <database>Unknown</database>
    </source>
    <size>
        <width>434</width>
        <height>216</height>
        <depth>3</depth>
    </size>
    <segmented>0</segmented>
    <object>
        <name>1</name>
        <pose>Unspecified</pose>
        <truncated>0</truncated>
        <difficult>0</difficult>
        <bndbox>
                <xmin>23</xmin>
                <ymin>26</ymin>
                <xmax>62</xmax>
                <ymax>216</ymax>
            </bndbox>
        </object>
    <object>
        <name>6</name>
        <pose>Unspecified</pose>
        <truncated>0</truncated>
        <difficult>0</difficult>
        <bndbox>
                <xmin>65</xmin>
                <ymin>24</ymin>
                <xmax>115</xmax>
                <ymax>206</ymax>
            </bndbox>
        </object>
    <object>
        <name>7</name>
        <pose>Unspecified</pose>
        <truncated>0</truncated>
        <difficult>0</difficult>
        <bndbox>
                <xmin>115</xmin>
                <ymin>25</ymin>
                <xmax>170</xmax>
                <ymax>204</ymax>
            </bndbox>
        </object>
    <object>
        <name>0</name>
        <pose>Unspecified</pose>
        <truncated>0</truncated>
        <difficult>0</difficult>
        <bndbox>
                <xmin>168</xmin>
                <ymin>53</ymin>
                <xmax>218</xmax>
                <ymax>202</ymax>
            </bndbox>
        </object>
    <object>
        <name>Z</name>
        <pose>Unspecified</pose>
        <truncated>0</truncated>
        <difficult>0</difficult>
        <bndbox>
                <xmin>240</xmin>
                <ymin>33</ymin>
                <xmax>288</xmax>
                <ymax>186</ymax>
            </bndbox>
        </object>
    <object>
        <name>A</name>
        <pose>Unspecified</pose>
        <truncated>0</truncated>
        <difficult>0</difficult>
        <bndbox>
                <xmin>294</xmin>
                <ymin>29</ymin>
                <xmax>335</xmax>
                <ymax>186</ymax>
            </bndbox>
        </object>
    <object>
        <name>J</name>
        <pose>Unspecified</pose>
        <truncated>0</truncated>
        <difficult>0</difficult>
        <bndbox>
                <xmin>341</xmin>
                <ymin>28</ymin>
                <xmax>392</xmax>
                <ymax>186</ymax>
            </bndbox>
        </object>
    </annotation>
