<annotation>
    <folder>From-Labelbox-license-characters-593images</folder>
    <filename>ckid1ud57003j246a1id67nsc.jpeg</filename>
    <path>/home/riotu/Object Detection/Datasets/Car-detection/License-characters/From-Labelbox-license-characters-593images/ckid1ud57003j246a1id67nsc.jpeg</path>
    <source>
        <database>Unknown</database>
    </source>
    <size>
        <width>422</width>
        <height>222</height>
        <depth>3</depth>
    </size>
    <segmented>0</segmented>
    <object>
        <name>3</name>
        <pose>Unspecified</pose>
        <truncated>0</truncated>
        <difficult>0</difficult>
        <bndbox>
                <xmin>20</xmin>
                <ymin>30</ymin>
                <xmax>62</xmax>
                <ymax>206</ymax>
            </bndbox>
        </object>
    <object>
        <name>7</name>
        <pose>Unspecified</pose>
        <truncated>0</truncated>
        <difficult>0</difficult>
        <bndbox>
                <xmin>65</xmin>
                <ymin>30</ymin>
                <xmax>102</xmax>
                <ymax>206</ymax>
            </bndbox>
        </object>
    <object>
        <name>9</name>
        <pose>Unspecified</pose>
        <truncated>0</truncated>
        <difficult>0</difficult>
        <bndbox>
                <xmin>111</xmin>
                <ymin>28</ymin>
                <xmax>145</xmax>
                <ymax>203</ymax>
            </bndbox>
        </object>
    <object>
        <name>5</name>
        <pose>Unspecified</pose>
        <truncated>0</truncated>
        <difficult>0</difficult>
        <bndbox>
                <xmin>152</xmin>
                <ymin>42</ymin>
                <xmax>195</xmax>
                <ymax>203</ymax>
            </bndbox>
        </object>
    <object>
        <name>E</name>
        <pose>Unspecified</pose>
        <truncated>0</truncated>
        <difficult>0</difficult>
        <bndbox>
                <xmin>218</xmin>
                <ymin>40</ymin>
                <xmax>248</xmax>
                <ymax>191</ymax>
            </bndbox>
        </object>
    <object>
        <name>X</name>
        <pose>Unspecified</pose>
        <truncated>0</truncated>
        <difficult>0</difficult>
        <bndbox>
                <xmin>261</xmin>
                <ymin>47</ymin>
                <xmax>298</xmax>
                <ymax>191</ymax>
            </bndbox>
        </object>
    <object>
        <name>A</name>
        <pose>Unspecified</pose>
        <truncated>0</truncated>
        <difficult>0</difficult>
        <bndbox>
                <xmin>308</xmin>
                <ymin>41</ymin>
                <xmax>336</xmax>
                <ymax>187</ymax>
            </bndbox>
        </object>
    </annotation>
