<annotation>
    <folder>From-Labelbox-license-characters-593images</folder>
    <filename>ckid1z3js003m246aa8dtbzw9.jpeg</filename>
    <path>/home/riotu/Object Detection/Datasets/Car-detection/License-characters/From-Labelbox-license-characters-593images/ckid1z3js003m246aa8dtbzw9.jpeg</path>
    <source>
        <database>Unknown</database>
    </source>
    <size>
        <width>397</width>
        <height>205</height>
        <depth>3</depth>
    </size>
    <segmented>0</segmented>
    <object>
        <name>9</name>
        <pose>Unspecified</pose>
        <truncated>0</truncated>
        <difficult>0</difficult>
        <bndbox>
                <xmin>23</xmin>
                <ymin>24</ymin>
                <xmax>59</xmax>
                <ymax>189</ymax>
            </bndbox>
        </object>
    <object>
        <name>5</name>
        <pose>Unspecified</pose>
        <truncated>0</truncated>
        <difficult>0</difficult>
        <bndbox>
                <xmin>65</xmin>
                <ymin>36</ymin>
                <xmax>100</xmax>
                <ymax>185</ymax>
            </bndbox>
        </object>
    <object>
        <name>5</name>
        <pose>Unspecified</pose>
        <truncated>0</truncated>
        <difficult>0</difficult>
        <bndbox>
                <xmin>104</xmin>
                <ymin>32</ymin>
                <xmax>141</xmax>
                <ymax>182</ymax>
            </bndbox>
        </object>
    <object>
        <name>1</name>
        <pose>Unspecified</pose>
        <truncated>0</truncated>
        <difficult>0</difficult>
        <bndbox>
                <xmin>152</xmin>
                <ymin>20</ymin>
                <xmax>177</xmax>
                <ymax>179</ymax>
            </bndbox>
        </object>
    <object>
        <name>S</name>
        <pose>Unspecified</pose>
        <truncated>0</truncated>
        <difficult>0</difficult>
        <bndbox>
                <xmin>205</xmin>
                <ymin>38</ymin>
                <xmax>238</xmax>
                <ymax>165</ymax>
            </bndbox>
        </object>
    <object>
        <name>K</name>
        <pose>Unspecified</pose>
        <truncated>0</truncated>
        <difficult>0</difficult>
        <bndbox>
                <xmin>245</xmin>
                <ymin>25</ymin>
                <xmax>278</xmax>
                <ymax>165</ymax>
            </bndbox>
        </object>
    <object>
        <name>A</name>
        <pose>Unspecified</pose>
        <truncated>0</truncated>
        <difficult>0</difficult>
        <bndbox>
                <xmin>289</xmin>
                <ymin>22</ymin>
                <xmax>318</xmax>
                <ymax>158</ymax>
            </bndbox>
        </object>
    </annotation>
