<annotation>
    <folder>From-Labelbox-license-characters-593images</folder>
    <filename>ckid1aq6p0035246aul12bp7r.jpeg</filename>
    <path>/home/riotu/Object Detection/Datasets/Car-detection/License-characters/From-Labelbox-license-characters-593images/ckid1aq6p0035246aul12bp7r.jpeg</path>
    <source>
        <database>Unknown</database>
    </source>
    <size>
        <width>486</width>
        <height>214</height>
        <depth>3</depth>
    </size>
    <segmented>0</segmented>
    <object>
        <name>8</name>
        <pose>Unspecified</pose>
        <truncated>0</truncated>
        <difficult>0</difficult>
        <bndbox>
                <xmin>37</xmin>
                <ymin>21</ymin>
                <xmax>81</xmax>
                <ymax>193</ymax>
            </bndbox>
        </object>
    <object>
        <name>5</name>
        <pose>Unspecified</pose>
        <truncated>0</truncated>
        <difficult>0</difficult>
        <bndbox>
                <xmin>87</xmin>
                <ymin>34</ymin>
                <xmax>129</xmax>
                <ymax>192</ymax>
            </bndbox>
        </object>
    <object>
        <name>3</name>
        <pose>Unspecified</pose>
        <truncated>0</truncated>
        <difficult>0</difficult>
        <bndbox>
                <xmin>138</xmin>
                <ymin>21</ymin>
                <xmax>180</xmax>
                <ymax>197</ymax>
            </bndbox>
        </object>
    <object>
        <name>1</name>
        <pose>Unspecified</pose>
        <truncated>0</truncated>
        <difficult>0</difficult>
        <bndbox>
                <xmin>195</xmin>
                <ymin>24</ymin>
                <xmax>224</xmax>
                <ymax>199</ymax>
            </bndbox>
        </object>
    <object>
        <name>E</name>
        <pose>Unspecified</pose>
        <truncated>0</truncated>
        <difficult>0</difficult>
        <bndbox>
                <xmin>260</xmin>
                <ymin>39</ymin>
                <xmax>297</xmax>
                <ymax>187</ymax>
            </bndbox>
        </object>
    <object>
        <name>H</name>
        <pose>Unspecified</pose>
        <truncated>0</truncated>
        <difficult>0</difficult>
        <bndbox>
                <xmin>312</xmin>
                <ymin>46</ymin>
                <xmax>351</xmax>
                <ymax>191</ymax>
            </bndbox>
        </object>
    <object>
        <name>A</name>
        <pose>Unspecified</pose>
        <truncated>0</truncated>
        <difficult>0</difficult>
        <bndbox>
                <xmin>362</xmin>
                <ymin>41</ymin>
                <xmax>398</xmax>
                <ymax>191</ymax>
            </bndbox>
        </object>
    </annotation>
