<annotation>
    <folder>From-Labelbox-license-characters-593images</folder>
    <filename>ckid01ukw0027246aapjr03a9.jpeg</filename>
    <path>/home/riotu/Object Detection/Datasets/Car-detection/License-characters/From-Labelbox-license-characters-593images/ckid01ukw0027246aapjr03a9.jpeg</path>
    <source>
        <database>Unknown</database>
    </source>
    <size>
        <width>572</width>
        <height>243</height>
        <depth>3</depth>
    </size>
    <segmented>0</segmented>
    <object>
        <name>4</name>
        <pose>Unspecified</pose>
        <truncated>0</truncated>
        <difficult>0</difficult>
        <bndbox>
                <xmin>35</xmin>
                <ymin>35</ymin>
                <xmax>96</xmax>
                <ymax>223</ymax>
            </bndbox>
        </object>
    <object>
        <name>8</name>
        <pose>Unspecified</pose>
        <truncated>0</truncated>
        <difficult>0</difficult>
        <bndbox>
                <xmin>104</xmin>
                <ymin>35</ymin>
                <xmax>160</xmax>
                <ymax>210</ymax>
            </bndbox>
        </object>
    <object>
        <name>7</name>
        <pose>Unspecified</pose>
        <truncated>0</truncated>
        <difficult>0</difficult>
        <bndbox>
                <xmin>162</xmin>
                <ymin>38</ymin>
                <xmax>211</xmax>
                <ymax>213</ymax>
            </bndbox>
        </object>
    <object>
        <name>5</name>
        <pose>Unspecified</pose>
        <truncated>0</truncated>
        <difficult>0</difficult>
        <bndbox>
                <xmin>215</xmin>
                <ymin>45</ymin>
                <xmax>275</xmax>
                <ymax>215</ymax>
            </bndbox>
        </object>
    <object>
        <name>U</name>
        <pose>Unspecified</pose>
        <truncated>0</truncated>
        <difficult>0</difficult>
        <bndbox>
                <xmin>303</xmin>
                <ymin>47</ymin>
                <xmax>351</xmax>
                <ymax>211</ymax>
            </bndbox>
        </object>
    <object>
        <name>T</name>
        <pose>Unspecified</pose>
        <truncated>0</truncated>
        <difficult>0</difficult>
        <bndbox>
                <xmin>361</xmin>
                <ymin>47</ymin>
                <xmax>405</xmax>
                <ymax>209</ymax>
            </bndbox>
        </object>
    <object>
        <name>A</name>
        <pose>Unspecified</pose>
        <truncated>0</truncated>
        <difficult>0</difficult>
        <bndbox>
                <xmin>418</xmin>
                <ymin>40</ymin>
                <xmax>466</xmax>
                <ymax>216</ymax>
            </bndbox>
        </object>
    </annotation>
