<annotation>
    <folder>From-Labelbox-license-characters-593images</folder>
    <filename>ckid1q2el003g246afckhsuzf.jpeg</filename>
    <path>/home/riotu/Object Detection/Datasets/Car-detection/License-characters/From-Labelbox-license-characters-593images/ckid1q2el003g246afckhsuzf.jpeg</path>
    <source>
        <database>Unknown</database>
    </source>
    <size>
        <width>513</width>
        <height>277</height>
        <depth>3</depth>
    </size>
    <segmented>0</segmented>
    <object>
        <name>7</name>
        <pose>Unspecified</pose>
        <truncated>0</truncated>
        <difficult>0</difficult>
        <bndbox>
                <xmin>28</xmin>
                <ymin>40</ymin>
                <xmax>74</xmax>
                <ymax>252</ymax>
            </bndbox>
        </object>
    <object>
        <name>8</name>
        <pose>Unspecified</pose>
        <truncated>0</truncated>
        <difficult>0</difficult>
        <bndbox>
                <xmin>86</xmin>
                <ymin>37</ymin>
                <xmax>133</xmax>
                <ymax>249</ymax>
            </bndbox>
        </object>
    <object>
        <name>7</name>
        <pose>Unspecified</pose>
        <truncated>0</truncated>
        <difficult>0</difficult>
        <bndbox>
                <xmin>140</xmin>
                <ymin>37</ymin>
                <xmax>184</xmax>
                <ymax>247</ymax>
            </bndbox>
        </object>
    <object>
        <name>3</name>
        <pose>Unspecified</pose>
        <truncated>0</truncated>
        <difficult>0</difficult>
        <bndbox>
                <xmin>195</xmin>
                <ymin>32</ymin>
                <xmax>243</xmax>
                <ymax>245</ymax>
            </bndbox>
        </object>
    <object>
        <name>E</name>
        <pose>Unspecified</pose>
        <truncated>0</truncated>
        <difficult>0</difficult>
        <bndbox>
                <xmin>269</xmin>
                <ymin>48</ymin>
                <xmax>308</xmax>
                <ymax>227</ymax>
            </bndbox>
        </object>
    <object>
        <name>L</name>
        <pose>Unspecified</pose>
        <truncated>0</truncated>
        <difficult>0</difficult>
        <bndbox>
                <xmin>323</xmin>
                <ymin>45</ymin>
                <xmax>363</xmax>
                <ymax>226</ymax>
            </bndbox>
        </object>
    <object>
        <name>B</name>
        <pose>Unspecified</pose>
        <truncated>0</truncated>
        <difficult>0</difficult>
        <bndbox>
                <xmin>379</xmin>
                <ymin>62</ymin>
                <xmax>418</xmax>
                <ymax>223</ymax>
            </bndbox>
        </object>
    </annotation>
