<annotation>
    <folder>From-Labelbox-license-characters-593images</folder>
    <filename>ckid0nrvl002n246aal149tzr.jpeg</filename>
    <path>/home/riotu/Object Detection/Datasets/Car-detection/License-characters/From-Labelbox-license-characters-593images/ckid0nrvl002n246aal149tzr.jpeg</path>
    <source>
        <database>Unknown</database>
    </source>
    <size>
        <width>396</width>
        <height>207</height>
        <depth>3</depth>
    </size>
    <segmented>0</segmented>
    <object>
        <name>7</name>
        <pose>Unspecified</pose>
        <truncated>0</truncated>
        <difficult>0</difficult>
        <bndbox>
                <xmin>37</xmin>
                <ymin>25</ymin>
                <xmax>70</xmax>
                <ymax>183</ymax>
            </bndbox>
        </object>
    <object>
        <name>0</name>
        <pose>Unspecified</pose>
        <truncated>0</truncated>
        <difficult>0</difficult>
        <bndbox>
                <xmin>77</xmin>
                <ymin>51</ymin>
                <xmax>111</xmax>
                <ymax>183</ymax>
            </bndbox>
        </object>
    <object>
        <name>9</name>
        <pose>Unspecified</pose>
        <truncated>0</truncated>
        <difficult>0</difficult>
        <bndbox>
                <xmin>118</xmin>
                <ymin>24</ymin>
                <xmax>153</xmax>
                <ymax>184</ymax>
            </bndbox>
        </object>
    <object>
        <name>0</name>
        <pose>Unspecified</pose>
        <truncated>0</truncated>
        <difficult>0</difficult>
        <bndbox>
                <xmin>159</xmin>
                <ymin>51</ymin>
                <xmax>191</xmax>
                <ymax>183</ymax>
            </bndbox>
        </object>
    <object>
        <name>H</name>
        <pose>Unspecified</pose>
        <truncated>0</truncated>
        <difficult>0</difficult>
        <bndbox>
                <xmin>216</xmin>
                <ymin>43</ymin>
                <xmax>245</xmax>
                <ymax>173</ymax>
            </bndbox>
        </object>
    <object>
        <name>H</name>
        <pose>Unspecified</pose>
        <truncated>0</truncated>
        <difficult>0</difficult>
        <bndbox>
                <xmin>259</xmin>
                <ymin>44</ymin>
                <xmax>289</xmax>
                <ymax>173</ymax>
            </bndbox>
        </object>
    <object>
        <name>J</name>
        <pose>Unspecified</pose>
        <truncated>0</truncated>
        <difficult>0</difficult>
        <bndbox>
                <xmin>300</xmin>
                <ymin>38</ymin>
                <xmax>330</xmax>
                <ymax>173</ymax>
            </bndbox>
        </object>
    </annotation>
