<annotation>
    <folder>From-Labelbox-license-characters-593images</folder>
    <filename>ckid0io3w002j246alf7y20bb.jpeg</filename>
    <path>/home/riotu/Object Detection/Datasets/Car-detection/License-characters/From-Labelbox-license-characters-593images/ckid0io3w002j246alf7y20bb.jpeg</path>
    <source>
        <database>Unknown</database>
    </source>
    <size>
        <width>463</width>
        <height>232</height>
        <depth>3</depth>
    </size>
    <segmented>0</segmented>
    <object>
        <name>9</name>
        <pose>Unspecified</pose>
        <truncated>0</truncated>
        <difficult>0</difficult>
        <bndbox>
                <xmin>36</xmin>
                <ymin>51</ymin>
                <xmax>76</xmax>
                <ymax>215</ymax>
            </bndbox>
        </object>
    <object>
        <name>9</name>
        <pose>Unspecified</pose>
        <truncated>0</truncated>
        <difficult>0</difficult>
        <bndbox>
                <xmin>82</xmin>
                <ymin>46</ymin>
                <xmax>121</xmax>
                <ymax>210</ymax>
            </bndbox>
        </object>
    <object>
        <name>5</name>
        <pose>Unspecified</pose>
        <truncated>0</truncated>
        <difficult>0</difficult>
        <bndbox>
                <xmin>133</xmin>
                <ymin>56</ymin>
                <xmax>174</xmax>
                <ymax>206</ymax>
            </bndbox>
        </object>
    <object>
        <name>8</name>
        <pose>Unspecified</pose>
        <truncated>0</truncated>
        <difficult>0</difficult>
        <bndbox>
                <xmin>182</xmin>
                <ymin>39</ymin>
                <xmax>221</xmax>
                <ymax>204</ymax>
            </bndbox>
        </object>
    <object>
        <name>V</name>
        <pose>Unspecified</pose>
        <truncated>0</truncated>
        <difficult>0</difficult>
        <bndbox>
                <xmin>260</xmin>
                <ymin>36</ymin>
                <xmax>297</xmax>
                <ymax>181</ymax>
            </bndbox>
        </object>
    <object>
        <name>X</name>
        <pose>Unspecified</pose>
        <truncated>0</truncated>
        <difficult>0</difficult>
        <bndbox>
                <xmin>304</xmin>
                <ymin>42</ymin>
                <xmax>342</xmax>
                <ymax>180</ymax>
            </bndbox>
        </object>
    <object>
        <name>D</name>
        <pose>Unspecified</pose>
        <truncated>0</truncated>
        <difficult>0</difficult>
        <bndbox>
                <xmin>353</xmin>
                <ymin>41</ymin>
                <xmax>389</xmax>
                <ymax>176</ymax>
            </bndbox>
        </object>
    </annotation>
