<annotation>
    <folder>From-Labelbox-license-characters-593images</folder>
    <filename>ckid0co5b002f246aju9poobo.jpeg</filename>
    <path>/home/riotu/Object Detection/Datasets/Car-detection/License-characters/From-Labelbox-license-characters-593images/ckid0co5b002f246aju9poobo.jpeg</path>
    <source>
        <database>Unknown</database>
    </source>
    <size>
        <width>409</width>
        <height>181</height>
        <depth>3</depth>
    </size>
    <segmented>0</segmented>
    <object>
        <name>8</name>
        <pose>Unspecified</pose>
        <truncated>0</truncated>
        <difficult>0</difficult>
        <bndbox>
                <xmin>28</xmin>
                <ymin>28</ymin>
                <xmax>63</xmax>
                <ymax>162</ymax>
            </bndbox>
        </object>
    <object>
        <name>5</name>
        <pose>Unspecified</pose>
        <truncated>0</truncated>
        <difficult>0</difficult>
        <bndbox>
                <xmin>69</xmin>
                <ymin>36</ymin>
                <xmax>105</xmax>
                <ymax>160</ymax>
            </bndbox>
        </object>
    <object>
        <name>8</name>
        <pose>Unspecified</pose>
        <truncated>0</truncated>
        <difficult>0</difficult>
        <bndbox>
                <xmin>113</xmin>
                <ymin>25</ymin>
                <xmax>147</xmax>
                <ymax>157</ymax>
            </bndbox>
        </object>
    <object>
        <name>3</name>
        <pose>Unspecified</pose>
        <truncated>0</truncated>
        <difficult>0</difficult>
        <bndbox>
                <xmin>154</xmin>
                <ymin>23</ymin>
                <xmax>189</xmax>
                <ymax>156</ymax>
            </bndbox>
        </object>
    <object>
        <name>J</name>
        <pose>Unspecified</pose>
        <truncated>0</truncated>
        <difficult>0</difficult>
        <bndbox>
                <xmin>210</xmin>
                <ymin>30</ymin>
                <xmax>241</xmax>
                <ymax>147</ymax>
            </bndbox>
        </object>
    <object>
        <name>L</name>
        <pose>Unspecified</pose>
        <truncated>0</truncated>
        <difficult>0</difficult>
        <bndbox>
                <xmin>252</xmin>
                <ymin>29</ymin>
                <xmax>283</xmax>
                <ymax>149</ymax>
            </bndbox>
        </object>
    <object>
        <name>B</name>
        <pose>Unspecified</pose>
        <truncated>0</truncated>
        <difficult>0</difficult>
        <bndbox>
                <xmin>294</xmin>
                <ymin>40</ymin>
                <xmax>324</xmax>
                <ymax>150</ymax>
            </bndbox>
        </object>
    </annotation>
