<annotation>
    <folder>From-Labelbox-license-characters-593images</folder>
    <filename>ckid0pd9p002o246ayis7yj9l.jpeg</filename>
    <path>/home/riotu/Object Detection/Datasets/Car-detection/License-characters/From-Labelbox-license-characters-593images/ckid0pd9p002o246ayis7yj9l.jpeg</path>
    <source>
        <database>Unknown</database>
    </source>
    <size>
        <width>422</width>
        <height>235</height>
        <depth>3</depth>
    </size>
    <segmented>0</segmented>
    <object>
        <name>1</name>
        <pose>Unspecified</pose>
        <truncated>0</truncated>
        <difficult>0</difficult>
        <bndbox>
                <xmin>29</xmin>
                <ymin>42</ymin>
                <xmax>69</xmax>
                <ymax>233</ymax>
            </bndbox>
        </object>
    <object>
        <name>6</name>
        <pose>Unspecified</pose>
        <truncated>0</truncated>
        <difficult>0</difficult>
        <bndbox>
                <xmin>70</xmin>
                <ymin>40</ymin>
                <xmax>119</xmax>
                <ymax>229</ymax>
            </bndbox>
        </object>
    <object>
        <name>7</name>
        <pose>Unspecified</pose>
        <truncated>0</truncated>
        <difficult>0</difficult>
        <bndbox>
                <xmin>120</xmin>
                <ymin>38</ymin>
                <xmax>165</xmax>
                <ymax>227</ymax>
            </bndbox>
        </object>
    <object>
        <name>0</name>
        <pose>Unspecified</pose>
        <truncated>0</truncated>
        <difficult>0</difficult>
        <bndbox>
                <xmin>174</xmin>
                <ymin>64</ymin>
                <xmax>217</xmax>
                <ymax>221</ymax>
            </bndbox>
        </object>
    <object>
        <name>Z</name>
        <pose>Unspecified</pose>
        <truncated>0</truncated>
        <difficult>0</difficult>
        <bndbox>
                <xmin>246</xmin>
                <ymin>42</ymin>
                <xmax>284</xmax>
                <ymax>205</ymax>
            </bndbox>
        </object>
    <object>
        <name>A</name>
        <pose>Unspecified</pose>
        <truncated>0</truncated>
        <difficult>0</difficult>
        <bndbox>
                <xmin>297</xmin>
                <ymin>38</ymin>
                <xmax>329</xmax>
                <ymax>200</ymax>
            </bndbox>
        </object>
    <object>
        <name>J</name>
        <pose>Unspecified</pose>
        <truncated>0</truncated>
        <difficult>0</difficult>
        <bndbox>
                <xmin>337</xmin>
                <ymin>35</ymin>
                <xmax>371</xmax>
                <ymax>195</ymax>
            </bndbox>
        </object>
    </annotation>
