<annotation>
    <folder>From-Labelbox-license-characters-593images</folder>
    <filename>ckid07ja6002b246aqlofxau6.jpeg</filename>
    <path>/home/riotu/Object Detection/Datasets/Car-detection/License-characters/From-Labelbox-license-characters-593images/ckid07ja6002b246aqlofxau6.jpeg</path>
    <source>
        <database>Unknown</database>
    </source>
    <size>
        <width>387</width>
        <height>259</height>
        <depth>3</depth>
    </size>
    <segmented>0</segmented>
    <object>
        <name>3</name>
        <pose>Unspecified</pose>
        <truncated>0</truncated>
        <difficult>0</difficult>
        <bndbox>
                <xmin>25</xmin>
                <ymin>31</ymin>
                <xmax>68</xmax>
                <ymax>175</ymax>
            </bndbox>
        </object>
    <object>
        <name>0</name>
        <pose>Unspecified</pose>
        <truncated>0</truncated>
        <difficult>0</difficult>
        <bndbox>
                <xmin>72</xmin>
                <ymin>63</ymin>
                <xmax>106</xmax>
                <ymax>182</ymax>
            </bndbox>
        </object>
    <object>
        <name>4</name>
        <pose>Unspecified</pose>
        <truncated>0</truncated>
        <difficult>0</difficult>
        <bndbox>
                <xmin>108</xmin>
                <ymin>50</ymin>
                <xmax>150</xmax>
                <ymax>189</ymax>
            </bndbox>
        </object>
    <object>
        <name>7</name>
        <pose>Unspecified</pose>
        <truncated>0</truncated>
        <difficult>0</difficult>
        <bndbox>
                <xmin>145</xmin>
                <ymin>56</ymin>
                <xmax>183</xmax>
                <ymax>192</ymax>
            </bndbox>
        </object>
    <object>
        <name>J</name>
        <pose>Unspecified</pose>
        <truncated>0</truncated>
        <difficult>0</difficult>
        <bndbox>
                <xmin>198</xmin>
                <ymin>77</ymin>
                <xmax>237</xmax>
                <ymax>198</ymax>
            </bndbox>
        </object>
    <object>
        <name>B</name>
        <pose>Unspecified</pose>
        <truncated>0</truncated>
        <difficult>0</difficult>
        <bndbox>
                <xmin>240</xmin>
                <ymin>101</ymin>
                <xmax>275</xmax>
                <ymax>208</ymax>
            </bndbox>
        </object>
    <object>
        <name>B</name>
        <pose>Unspecified</pose>
        <truncated>0</truncated>
        <difficult>0</difficult>
        <bndbox>
                <xmin>277</xmin>
                <ymin>109</ymin>
                <xmax>313</xmax>
                <ymax>217</ymax>
            </bndbox>
        </object>
    </annotation>
