<annotation>
    <folder>From-Labelbox-license-characters-593images</folder>
    <filename>ckid1br0y0036246ajpcyt619.jpeg</filename>
    <path>/home/riotu/Object Detection/Datasets/Car-detection/License-characters/From-Labelbox-license-characters-593images/ckid1br0y0036246ajpcyt619.jpeg</path>
    <source>
        <database>Unknown</database>
    </source>
    <size>
        <width>491</width>
        <height>262</height>
        <depth>3</depth>
    </size>
    <segmented>0</segmented>
    <object>
        <name>5</name>
        <pose>Unspecified</pose>
        <truncated>0</truncated>
        <difficult>0</difficult>
        <bndbox>
                <xmin>34</xmin>
                <ymin>65</ymin>
                <xmax>83</xmax>
                <ymax>231</ymax>
            </bndbox>
        </object>
    <object>
        <name>9</name>
        <pose>Unspecified</pose>
        <truncated>0</truncated>
        <difficult>0</difficult>
        <bndbox>
                <xmin>86</xmin>
                <ymin>49</ymin>
                <xmax>132</xmax>
                <ymax>228</ymax>
            </bndbox>
        </object>
    <object>
        <name>2</name>
        <pose>Unspecified</pose>
        <truncated>0</truncated>
        <difficult>0</difficult>
        <bndbox>
                <xmin>137</xmin>
                <ymin>47</ymin>
                <xmax>185</xmax>
                <ymax>220</ymax>
            </bndbox>
        </object>
    <object>
        <name>0</name>
        <pose>Unspecified</pose>
        <truncated>0</truncated>
        <difficult>0</difficult>
        <bndbox>
                <xmin>189</xmin>
                <ymin>73</ymin>
                <xmax>238</xmax>
                <ymax>215</ymax>
            </bndbox>
        </object>
    <object>
        <name>S</name>
        <pose>Unspecified</pose>
        <truncated>0</truncated>
        <difficult>0</difficult>
        <bndbox>
                <xmin>270</xmin>
                <ymin>62</ymin>
                <xmax>312</xmax>
                <ymax>197</ymax>
            </bndbox>
        </object>
    <object>
        <name>A</name>
        <pose>Unspecified</pose>
        <truncated>0</truncated>
        <difficult>0</difficult>
        <bndbox>
                <xmin>325</xmin>
                <ymin>48</ymin>
                <xmax>362</xmax>
                <ymax>200</ymax>
            </bndbox>
        </object>
    <object>
        <name>J</name>
        <pose>Unspecified</pose>
        <truncated>0</truncated>
        <difficult>0</difficult>
        <bndbox>
                <xmin>376</xmin>
                <ymin>43</ymin>
                <xmax>416</xmax>
                <ymax>195</ymax>
            </bndbox>
        </object>
    </annotation>
