<annotation>
    <folder>From-Labelbox-license-characters-593images</folder>
    <filename>ckid1ez2l0039246auuqp0qvz.jpeg</filename>
    <path>/home/riotu/Object Detection/Datasets/Car-detection/License-characters/From-Labelbox-license-characters-593images/ckid1ez2l0039246auuqp0qvz.jpeg</path>
    <source>
        <database>Unknown</database>
    </source>
    <size>
        <width>726</width>
        <height>147</height>
        <depth>3</depth>
    </size>
    <segmented>0</segmented>
    <object>
        <name>4</name>
        <pose>Unspecified</pose>
        <truncated>0</truncated>
        <difficult>0</difficult>
        <bndbox>
                <xmin>85</xmin>
                <ymin>24</ymin>
                <xmax>118</xmax>
                <ymax>136</ymax>
            </bndbox>
        </object>
    <object>
        <name>6</name>
        <pose>Unspecified</pose>
        <truncated>0</truncated>
        <difficult>0</difficult>
        <bndbox>
                <xmin>147</xmin>
                <ymin>21</ymin>
                <xmax>182</xmax>
                <ymax>133</ymax>
            </bndbox>
        </object>
    <object>
        <name>0</name>
        <pose>Unspecified</pose>
        <truncated>0</truncated>
        <difficult>0</difficult>
        <bndbox>
                <xmin>215</xmin>
                <ymin>37</ymin>
                <xmax>249</xmax>
                <ymax>133</ymax>
            </bndbox>
        </object>
    <object>
        <name>N</name>
        <pose>Unspecified</pose>
        <truncated>0</truncated>
        <difficult>0</difficult>
        <bndbox>
                <xmin>487</xmin>
                <ymin>19</ymin>
                <xmax>526</xmax>
                <ymax>129</ymax>
            </bndbox>
        </object>
    <object>
        <name>Z</name>
        <pose>Unspecified</pose>
        <truncated>0</truncated>
        <difficult>0</difficult>
        <bndbox>
                <xmin>551</xmin>
                <ymin>15</ymin>
                <xmax>588</xmax>
                <ymax>129</ymax>
            </bndbox>
        </object>
    </annotation>
