<annotation>
    <folder>From-Labelbox-license-characters-593images</folder>
    <filename>ckid0zfin002w246aw4h6l5nh.jpeg</filename>
    <path>/home/riotu/Object Detection/Datasets/Car-detection/License-characters/From-Labelbox-license-characters-593images/ckid0zfin002w246aw4h6l5nh.jpeg</path>
    <source>
        <database>Unknown</database>
    </source>
    <size>
        <width>481</width>
        <height>246</height>
        <depth>3</depth>
    </size>
    <segmented>0</segmented>
    <object>
        <name>4</name>
        <pose>Unspecified</pose>
        <truncated>0</truncated>
        <difficult>0</difficult>
        <bndbox>
                <xmin>31</xmin>
                <ymin>29</ymin>
                <xmax>73</xmax>
                <ymax>220</ymax>
            </bndbox>
        </object>
    <object>
        <name>8</name>
        <pose>Unspecified</pose>
        <truncated>0</truncated>
        <difficult>0</difficult>
        <bndbox>
                <xmin>85</xmin>
                <ymin>25</ymin>
                <xmax>124</xmax>
                <ymax>217</ymax>
            </bndbox>
        </object>
    <object>
        <name>5</name>
        <pose>Unspecified</pose>
        <truncated>0</truncated>
        <difficult>0</difficult>
        <bndbox>
                <xmin>134</xmin>
                <ymin>41</ymin>
                <xmax>173</xmax>
                <ymax>217</ymax>
            </bndbox>
        </object>
    <object>
        <name>5</name>
        <pose>Unspecified</pose>
        <truncated>0</truncated>
        <difficult>0</difficult>
        <bndbox>
                <xmin>183</xmin>
                <ymin>39</ymin>
                <xmax>222</xmax>
                <ymax>217</ymax>
            </bndbox>
        </object>
    <object>
        <name>H</name>
        <pose>Unspecified</pose>
        <truncated>0</truncated>
        <difficult>0</difficult>
        <bndbox>
                <xmin>251</xmin>
                <ymin>49</ymin>
                <xmax>288</xmax>
                <ymax>202</ymax>
            </bndbox>
        </object>
    <object>
        <name>H</name>
        <pose>Unspecified</pose>
        <truncated>0</truncated>
        <difficult>0</difficult>
        <bndbox>
                <xmin>301</xmin>
                <ymin>49</ymin>
                <xmax>336</xmax>
                <ymax>200</ymax>
            </bndbox>
        </object>
    <object>
        <name>B</name>
        <pose>Unspecified</pose>
        <truncated>0</truncated>
        <difficult>0</difficult>
        <bndbox>
                <xmin>347</xmin>
                <ymin>54</ymin>
                <xmax>384</xmax>
                <ymax>200</ymax>
            </bndbox>
        </object>
    </annotation>
