<annotation>
    <folder>From-Labelbox-license-characters-593images</folder>
    <filename>ckid187dc0033246amb2rzom1.jpeg</filename>
    <path>/home/riotu/Object Detection/Datasets/Car-detection/License-characters/From-Labelbox-license-characters-593images/ckid187dc0033246amb2rzom1.jpeg</path>
    <source>
        <database>Unknown</database>
    </source>
    <size>
        <width>444</width>
        <height>207</height>
        <depth>3</depth>
    </size>
    <segmented>0</segmented>
    <object>
        <name>2</name>
        <pose>Unspecified</pose>
        <truncated>0</truncated>
        <difficult>0</difficult>
        <bndbox>
                <xmin>11</xmin>
                <ymin>27</ymin>
                <xmax>66</xmax>
                <ymax>200</ymax>
            </bndbox>
        </object>
    <object>
        <name>6</name>
        <pose>Unspecified</pose>
        <truncated>0</truncated>
        <difficult>0</difficult>
        <bndbox>
                <xmin>62</xmin>
                <ymin>24</ymin>
                <xmax>116</xmax>
                <ymax>196</ymax>
            </bndbox>
        </object>
    <object>
        <name>1</name>
        <pose>Unspecified</pose>
        <truncated>0</truncated>
        <difficult>0</difficult>
        <bndbox>
                <xmin>119</xmin>
                <ymin>27</ymin>
                <xmax>152</xmax>
                <ymax>192</ymax>
            </bndbox>
        </object>
    <object>
        <name>0</name>
        <pose>Unspecified</pose>
        <truncated>0</truncated>
        <difficult>0</difficult>
        <bndbox>
                <xmin>156</xmin>
                <ymin>52</ymin>
                <xmax>198</xmax>
                <ymax>187</ymax>
            </bndbox>
        </object>
    <object>
        <name>J</name>
        <pose>Unspecified</pose>
        <truncated>0</truncated>
        <difficult>0</difficult>
        <bndbox>
                <xmin>225</xmin>
                <ymin>32</ymin>
                <xmax>273</xmax>
                <ymax>173</ymax>
            </bndbox>
        </object>
    <object>
        <name>U</name>
        <pose>Unspecified</pose>
        <truncated>0</truncated>
        <difficult>0</difficult>
        <bndbox>
                <xmin>274</xmin>
                <ymin>33</ymin>
                <xmax>321</xmax>
                <ymax>174</ymax>
            </bndbox>
        </object>
    <object>
        <name>B</name>
        <pose>Unspecified</pose>
        <truncated>0</truncated>
        <difficult>0</difficult>
        <bndbox>
                <xmin>318</xmin>
                <ymin>43</ymin>
                <xmax>370</xmax>
                <ymax>171</ymax>
            </bndbox>
        </object>
    </annotation>
