<annotation>
    <folder>From-Labelbox-license-characters-593images</folder>
    <filename>ckid1e5w40038246a6c1hfg2d.jpeg</filename>
    <path>/home/riotu/Object Detection/Datasets/Car-detection/License-characters/From-Labelbox-license-characters-593images/ckid1e5w40038246a6c1hfg2d.jpeg</path>
    <source>
        <database>Unknown</database>
    </source>
    <size>
        <width>449</width>
        <height>204</height>
        <depth>3</depth>
    </size>
    <segmented>0</segmented>
    <object>
        <name>4</name>
        <pose>Unspecified</pose>
        <truncated>0</truncated>
        <difficult>0</difficult>
        <bndbox>
                <xmin>32</xmin>
                <ymin>34</ymin>
                <xmax>76</xmax>
                <ymax>187</ymax>
            </bndbox>
        </object>
    <object>
        <name>7</name>
        <pose>Unspecified</pose>
        <truncated>0</truncated>
        <difficult>0</difficult>
        <bndbox>
                <xmin>82</xmin>
                <ymin>32</ymin>
                <xmax>122</xmax>
                <ymax>186</ymax>
            </bndbox>
        </object>
    <object>
        <name>5</name>
        <pose>Unspecified</pose>
        <truncated>0</truncated>
        <difficult>0</difficult>
        <bndbox>
                <xmin>128</xmin>
                <ymin>40</ymin>
                <xmax>169</xmax>
                <ymax>187</ymax>
            </bndbox>
        </object>
    <object>
        <name>4</name>
        <pose>Unspecified</pose>
        <truncated>0</truncated>
        <difficult>0</difficult>
        <bndbox>
                <xmin>175</xmin>
                <ymin>27</ymin>
                <xmax>216</xmax>
                <ymax>184</ymax>
            </bndbox>
        </object>
    <object>
        <name>Z</name>
        <pose>Unspecified</pose>
        <truncated>0</truncated>
        <difficult>0</difficult>
        <bndbox>
                <xmin>244</xmin>
                <ymin>36</ymin>
                <xmax>276</xmax>
                <ymax>174</ymax>
            </bndbox>
        </object>
    <object>
        <name>B</name>
        <pose>Unspecified</pose>
        <truncated>0</truncated>
        <difficult>0</difficult>
        <bndbox>
                <xmin>289</xmin>
                <ymin>54</ymin>
                <xmax>325</xmax>
                <ymax>170</ymax>
            </bndbox>
        </object>
    <object>
        <name>B</name>
        <pose>Unspecified</pose>
        <truncated>0</truncated>
        <difficult>0</difficult>
        <bndbox>
                <xmin>335</xmin>
                <ymin>54</ymin>
                <xmax>374</xmax>
                <ymax>169</ymax>
            </bndbox>
        </object>
    </annotation>
