<annotation>
    <folder>From-Labelbox-license-characters-593images</folder>
    <filename>ckid1olht003f246a08lmevod.jpeg</filename>
    <path>/home/riotu/Object Detection/Datasets/Car-detection/License-characters/From-Labelbox-license-characters-593images/ckid1olht003f246a08lmevod.jpeg</path>
    <source>
        <database>Unknown</database>
    </source>
    <size>
        <width>368</width>
        <height>181</height>
        <depth>3</depth>
    </size>
    <segmented>0</segmented>
    <object>
        <name>3</name>
        <pose>Unspecified</pose>
        <truncated>0</truncated>
        <difficult>0</difficult>
        <bndbox>
                <xmin>33</xmin>
                <ymin>20</ymin>
                <xmax>65</xmax>
                <ymax>162</ymax>
            </bndbox>
        </object>
    <object>
        <name>3</name>
        <pose>Unspecified</pose>
        <truncated>0</truncated>
        <difficult>0</difficult>
        <bndbox>
                <xmin>69</xmin>
                <ymin>20</ymin>
                <xmax>101</xmax>
                <ymax>162</ymax>
            </bndbox>
        </object>
    <object>
        <name>3</name>
        <pose>Unspecified</pose>
        <truncated>0</truncated>
        <difficult>0</difficult>
        <bndbox>
                <xmin>104</xmin>
                <ymin>22</ymin>
                <xmax>138</xmax>
                <ymax>163</ymax>
            </bndbox>
        </object>
    <object>
        <name>8</name>
        <pose>Unspecified</pose>
        <truncated>0</truncated>
        <difficult>0</difficult>
        <bndbox>
                <xmin>142</xmin>
                <ymin>21</ymin>
                <xmax>175</xmax>
                <ymax>163</ymax>
            </bndbox>
        </object>
    <object>
        <name>T</name>
        <pose>Unspecified</pose>
        <truncated>0</truncated>
        <difficult>0</difficult>
        <bndbox>
                <xmin>203</xmin>
                <ymin>34</ymin>
                <xmax>232</xmax>
                <ymax>155</ymax>
            </bndbox>
        </object>
    <object>
        <name>N</name>
        <pose>Unspecified</pose>
        <truncated>0</truncated>
        <difficult>0</difficult>
        <bndbox>
                <xmin>240</xmin>
                <ymin>37</ymin>
                <xmax>270</xmax>
                <ymax>158</ymax>
            </bndbox>
        </object>
    <object>
        <name>J</name>
        <pose>Unspecified</pose>
        <truncated>0</truncated>
        <difficult>0</difficult>
        <bndbox>
                <xmin>277</xmin>
                <ymin>39</ymin>
                <xmax>305</xmax>
                <ymax>159</ymax>
            </bndbox>
        </object>
    </annotation>
