<annotation>
    <folder>From-Labelbox-license-characters-593images</folder>
    <filename>ckid0ybsp002v246a02if7u5v.jpeg</filename>
    <path>/home/riotu/Object Detection/Datasets/Car-detection/License-characters/From-Labelbox-license-characters-593images/ckid0ybsp002v246a02if7u5v.jpeg</path>
    <source>
        <database>Unknown</database>
    </source>
    <size>
        <width>502</width>
        <height>246</height>
        <depth>3</depth>
    </size>
    <segmented>0</segmented>
    <object>
        <name>2</name>
        <pose>Unspecified</pose>
        <truncated>0</truncated>
        <difficult>0</difficult>
        <bndbox>
                <xmin>40</xmin>
                <ymin>26</ymin>
                <xmax>82</xmax>
                <ymax>222</ymax>
            </bndbox>
        </object>
    <object>
        <name>2</name>
        <pose>Unspecified</pose>
        <truncated>0</truncated>
        <difficult>0</difficult>
        <bndbox>
                <xmin>92</xmin>
                <ymin>30</ymin>
                <xmax>136</xmax>
                <ymax>224</ymax>
            </bndbox>
        </object>
    <object>
        <name>4</name>
        <pose>Unspecified</pose>
        <truncated>0</truncated>
        <difficult>0</difficult>
        <bndbox>
                <xmin>147</xmin>
                <ymin>29</ymin>
                <xmax>189</xmax>
                <ymax>222</ymax>
            </bndbox>
        </object>
    <object>
        <name>6</name>
        <pose>Unspecified</pose>
        <truncated>0</truncated>
        <difficult>0</difficult>
        <bndbox>
                <xmin>197</xmin>
                <ymin>25</ymin>
                <xmax>245</xmax>
                <ymax>221</ymax>
            </bndbox>
        </object>
    <object>
        <name>Z</name>
        <pose>Unspecified</pose>
        <truncated>0</truncated>
        <difficult>0</difficult>
        <bndbox>
                <xmin>276</xmin>
                <ymin>41</ymin>
                <xmax>314</xmax>
                <ymax>209</ymax>
            </bndbox>
        </object>
    <object>
        <name>D</name>
        <pose>Unspecified</pose>
        <truncated>0</truncated>
        <difficult>0</difficult>
        <bndbox>
                <xmin>326</xmin>
                <ymin>54</ymin>
                <xmax>364</xmax>
                <ymax>207</ymax>
            </bndbox>
        </object>
    <object>
        <name>J</name>
        <pose>Unspecified</pose>
        <truncated>0</truncated>
        <difficult>0</difficult>
        <bndbox>
                <xmin>378</xmin>
                <ymin>43</ymin>
                <xmax>423</xmax>
                <ymax>212</ymax>
            </bndbox>
        </object>
    </annotation>
