<annotation>
    <folder>From-Labelbox-license-characters-593images</folder>
    <filename>ckid16x2r0032246axxyes587.jpeg</filename>
    <path>/home/riotu/Object Detection/Datasets/Car-detection/License-characters/From-Labelbox-license-characters-593images/ckid16x2r0032246axxyes587.jpeg</path>
    <source>
        <database>Unknown</database>
    </source>
    <size>
        <width>464</width>
        <height>228</height>
        <depth>3</depth>
    </size>
    <segmented>0</segmented>
    <object>
        <name>8</name>
        <pose>Unspecified</pose>
        <truncated>0</truncated>
        <difficult>0</difficult>
        <bndbox>
                <xmin>29</xmin>
                <ymin>17</ymin>
                <xmax>67</xmax>
                <ymax>207</ymax>
            </bndbox>
        </object>
    <object>
        <name>8</name>
        <pose>Unspecified</pose>
        <truncated>0</truncated>
        <difficult>0</difficult>
        <bndbox>
                <xmin>78</xmin>
                <ymin>17</ymin>
                <xmax>117</xmax>
                <ymax>206</ymax>
            </bndbox>
        </object>
    <object>
        <name>3</name>
        <pose>Unspecified</pose>
        <truncated>0</truncated>
        <difficult>0</difficult>
        <bndbox>
                <xmin>125</xmin>
                <ymin>18</ymin>
                <xmax>169</xmax>
                <ymax>206</ymax>
            </bndbox>
        </object>
    <object>
        <name>6</name>
        <pose>Unspecified</pose>
        <truncated>0</truncated>
        <difficult>0</difficult>
        <bndbox>
                <xmin>174</xmin>
                <ymin>19</ymin>
                <xmax>218</xmax>
                <ymax>207</ymax>
            </bndbox>
        </object>
    <object>
        <name>X</name>
        <pose>Unspecified</pose>
        <truncated>0</truncated>
        <difficult>0</difficult>
        <bndbox>
                <xmin>240</xmin>
                <ymin>45</ymin>
                <xmax>279</xmax>
                <ymax>197</ymax>
            </bndbox>
        </object>
    <object>
        <name>N</name>
        <pose>Unspecified</pose>
        <truncated>0</truncated>
        <difficult>0</difficult>
        <bndbox>
                <xmin>290</xmin>
                <ymin>37</ymin>
                <xmax>325</xmax>
                <ymax>199</ymax>
            </bndbox>
        </object>
    <object>
        <name>B</name>
        <pose>Unspecified</pose>
        <truncated>0</truncated>
        <difficult>0</difficult>
        <bndbox>
                <xmin>338</xmin>
                <ymin>53</ymin>
                <xmax>375</xmax>
                <ymax>195</ymax>
            </bndbox>
        </object>
    </annotation>
