<annotation>
    <folder>From-Labelbox-license-characters-593images</folder>
    <filename>ckid1257p002y246aa23kaopk.jpeg</filename>
    <path>/home/riotu/Object Detection/Datasets/Car-detection/License-characters/From-Labelbox-license-characters-593images/ckid1257p002y246aa23kaopk.jpeg</path>
    <source>
        <database>Unknown</database>
    </source>
    <size>
        <width>474</width>
        <height>251</height>
        <depth>3</depth>
    </size>
    <segmented>0</segmented>
    <object>
        <name>2</name>
        <pose>Unspecified</pose>
        <truncated>0</truncated>
        <difficult>0</difficult>
        <bndbox>
                <xmin>25</xmin>
                <ymin>34</ymin>
                <xmax>69</xmax>
                <ymax>226</ymax>
            </bndbox>
        </object>
    <object>
        <name>2</name>
        <pose>Unspecified</pose>
        <truncated>0</truncated>
        <difficult>0</difficult>
        <bndbox>
                <xmin>76</xmin>
                <ymin>32</ymin>
                <xmax>119</xmax>
                <ymax>226</ymax>
            </bndbox>
        </object>
    <object>
        <name>6</name>
        <pose>Unspecified</pose>
        <truncated>0</truncated>
        <difficult>0</difficult>
        <bndbox>
                <xmin>121</xmin>
                <ymin>32</ymin>
                <xmax>166</xmax>
                <ymax>225</ymax>
            </bndbox>
        </object>
    <object>
        <name>4</name>
        <pose>Unspecified</pose>
        <truncated>0</truncated>
        <difficult>0</difficult>
        <bndbox>
                <xmin>175</xmin>
                <ymin>32</ymin>
                <xmax>218</xmax>
                <ymax>223</ymax>
            </bndbox>
        </object>
    <object>
        <name>J</name>
        <pose>Unspecified</pose>
        <truncated>0</truncated>
        <difficult>0</difficult>
        <bndbox>
                <xmin>243</xmin>
                <ymin>45</ymin>
                <xmax>282</xmax>
                <ymax>209</ymax>
            </bndbox>
        </object>
    <object>
        <name>K</name>
        <pose>Unspecified</pose>
        <truncated>0</truncated>
        <difficult>0</difficult>
        <bndbox>
                <xmin>296</xmin>
                <ymin>42</ymin>
                <xmax>332</xmax>
                <ymax>209</ymax>
            </bndbox>
        </object>
    <object>
        <name>B</name>
        <pose>Unspecified</pose>
        <truncated>0</truncated>
        <difficult>0</difficult>
        <bndbox>
                <xmin>345</xmin>
                <ymin>61</ymin>
                <xmax>384</xmax>
                <ymax>206</ymax>
            </bndbox>
        </object>
    </annotation>
