<annotation>
    <folder>From-Labelbox-license-characters-593images</folder>
    <filename>ckid1hhzu003b246ablh6xw4e.jpeg</filename>
    <path>/home/riotu/Object Detection/Datasets/Car-detection/License-characters/From-Labelbox-license-characters-593images/ckid1hhzu003b246ablh6xw4e.jpeg</path>
    <source>
        <database>Unknown</database>
    </source>
    <size>
        <width>423</width>
        <height>204</height>
        <depth>3</depth>
    </size>
    <segmented>0</segmented>
    <object>
        <name>2</name>
        <pose>Unspecified</pose>
        <truncated>0</truncated>
        <difficult>0</difficult>
        <bndbox>
                <xmin>33</xmin>
                <ymin>24</ymin>
                <xmax>70</xmax>
                <ymax>185</ymax>
            </bndbox>
        </object>
    <object>
        <name>3</name>
        <pose>Unspecified</pose>
        <truncated>0</truncated>
        <difficult>0</difficult>
        <bndbox>
                <xmin>75</xmin>
                <ymin>23</ymin>
                <xmax>116</xmax>
                <ymax>182</ymax>
            </bndbox>
        </object>
    <object>
        <name>2</name>
        <pose>Unspecified</pose>
        <truncated>0</truncated>
        <difficult>0</difficult>
        <bndbox>
                <xmin>117</xmin>
                <ymin>22</ymin>
                <xmax>158</xmax>
                <ymax>182</ymax>
            </bndbox>
        </object>
    <object>
        <name>3</name>
        <pose>Unspecified</pose>
        <truncated>0</truncated>
        <difficult>0</difficult>
        <bndbox>
                <xmin>161</xmin>
                <ymin>22</ymin>
                <xmax>202</xmax>
                <ymax>181</ymax>
            </bndbox>
        </object>
    <object>
        <name>K</name>
        <pose>Unspecified</pose>
        <truncated>0</truncated>
        <difficult>0</difficult>
        <bndbox>
                <xmin>233</xmin>
                <ymin>36</ymin>
                <xmax>269</xmax>
                <ymax>172</ymax>
            </bndbox>
        </object>
    <object>
        <name>K</name>
        <pose>Unspecified</pose>
        <truncated>0</truncated>
        <difficult>0</difficult>
        <bndbox>
                <xmin>275</xmin>
                <ymin>35</ymin>
                <xmax>311</xmax>
                <ymax>171</ymax>
            </bndbox>
        </object>
    <object>
        <name>D</name>
        <pose>Unspecified</pose>
        <truncated>0</truncated>
        <difficult>0</difficult>
        <bndbox>
                <xmin>317</xmin>
                <ymin>45</ymin>
                <xmax>352</xmax>
                <ymax>173</ymax>
            </bndbox>
        </object>
    </annotation>
