<annotation>
    <folder>From-Labelbox-license-characters-593images</folder>
    <filename>ckid0upbn002s246a0fwgqsmb.jpeg</filename>
    <path>/home/riotu/Object Detection/Datasets/Car-detection/License-characters/From-Labelbox-license-characters-593images/ckid0upbn002s246a0fwgqsmb.jpeg</path>
    <source>
        <database>Unknown</database>
    </source>
    <size>
        <width>728</width>
        <height>201</height>
        <depth>3</depth>
    </size>
    <segmented>0</segmented>
    <object>
        <name>9</name>
        <pose>Unspecified</pose>
        <truncated>0</truncated>
        <difficult>0</difficult>
        <bndbox>
                <xmin>60</xmin>
                <ymin>63</ymin>
                <xmax>97</xmax>
                <ymax>177</ymax>
            </bndbox>
        </object>
    <object>
        <name>0</name>
        <pose>Unspecified</pose>
        <truncated>0</truncated>
        <difficult>0</difficult>
        <bndbox>
                <xmin>127</xmin>
                <ymin>75</ymin>
                <xmax>161</xmax>
                <ymax>174</ymax>
            </bndbox>
        </object>
    <object>
        <name>0</name>
        <pose>Unspecified</pose>
        <truncated>0</truncated>
        <difficult>0</difficult>
        <bndbox>
                <xmin>191</xmin>
                <ymin>73</ymin>
                <xmax>222</xmax>
                <ymax>172</ymax>
            </bndbox>
        </object>
    <object>
        <name>8</name>
        <pose>Unspecified</pose>
        <truncated>0</truncated>
        <difficult>0</difficult>
        <bndbox>
                <xmin>253</xmin>
                <ymin>51</ymin>
                <xmax>284</xmax>
                <ymax>166</ymax>
            </bndbox>
        </object>
    <object>
        <name>Z</name>
        <pose>Unspecified</pose>
        <truncated>0</truncated>
        <difficult>0</difficult>
        <bndbox>
                <xmin>494</xmin>
                <ymin>35</ymin>
                <xmax>533</xmax>
                <ymax>150</ymax>
            </bndbox>
        </object>
    <object>
        <name>E</name>
        <pose>Unspecified</pose>
        <truncated>0</truncated>
        <difficult>0</difficult>
        <bndbox>
                <xmin>556</xmin>
                <ymin>30</ymin>
                <xmax>596</xmax>
                <ymax>147</ymax>
            </bndbox>
        </object>
    </annotation>
