<annotation>
    <folder>From-Labelbox-license-characters-593images</folder>
    <filename>ckid0gu9c002i246a90xe99zp.jpeg</filename>
    <path>/home/riotu/Object Detection/Datasets/Car-detection/License-characters/From-Labelbox-license-characters-593images/ckid0gu9c002i246a90xe99zp.jpeg</path>
    <source>
        <database>Unknown</database>
    </source>
    <size>
        <width>356</width>
        <height>172</height>
        <depth>3</depth>
    </size>
    <segmented>0</segmented>
    <object>
        <name>1</name>
        <pose>Unspecified</pose>
        <truncated>0</truncated>
        <difficult>0</difficult>
        <bndbox>
                <xmin>36</xmin>
                <ymin>29</ymin>
                <xmax>58</xmax>
                <ymax>159</ymax>
            </bndbox>
        </object>
    <object>
        <name>0</name>
        <pose>Unspecified</pose>
        <truncated>0</truncated>
        <difficult>0</difficult>
        <bndbox>
                <xmin>68</xmin>
                <ymin>48</ymin>
                <xmax>97</xmax>
                <ymax>156</ymax>
            </bndbox>
        </object>
    <object>
        <name>7</name>
        <pose>Unspecified</pose>
        <truncated>0</truncated>
        <difficult>0</difficult>
        <bndbox>
                <xmin>104</xmin>
                <ymin>25</ymin>
                <xmax>132</xmax>
                <ymax>156</ymax>
            </bndbox>
        </object>
    <object>
        <name>7</name>
        <pose>Unspecified</pose>
        <truncated>0</truncated>
        <difficult>0</difficult>
        <bndbox>
                <xmin>139</xmin>
                <ymin>26</ymin>
                <xmax>169</xmax>
                <ymax>155</ymax>
            </bndbox>
        </object>
    <object>
        <name>V</name>
        <pose>Unspecified</pose>
        <truncated>0</truncated>
        <difficult>0</difficult>
        <bndbox>
                <xmin>198</xmin>
                <ymin>34</ymin>
                <xmax>225</xmax>
                <ymax>143</ymax>
            </bndbox>
        </object>
    <object>
        <name>D</name>
        <pose>Unspecified</pose>
        <truncated>0</truncated>
        <difficult>0</difficult>
        <bndbox>
                <xmin>235</xmin>
                <ymin>42</ymin>
                <xmax>258</xmax>
                <ymax>142</ymax>
            </bndbox>
        </object>
    <object>
        <name>D</name>
        <pose>Unspecified</pose>
        <truncated>0</truncated>
        <difficult>0</difficult>
        <bndbox>
                <xmin>269</xmin>
                <ymin>41</ymin>
                <xmax>293</xmax>
                <ymax>143</ymax>
            </bndbox>
        </object>
    </annotation>
