<annotation>
    <folder>From-Labelbox-license-characters-593images</folder>
    <filename>ckid1k08o003c246a7gvelda0.jpeg</filename>
    <path>/home/riotu/Object Detection/Datasets/Car-detection/License-characters/From-Labelbox-license-characters-593images/ckid1k08o003c246a7gvelda0.jpeg</path>
    <source>
        <database>Unknown</database>
    </source>
    <size>
        <width>326</width>
        <height>183</height>
        <depth>3</depth>
    </size>
    <segmented>0</segmented>
    <object>
        <name>1</name>
        <pose>Unspecified</pose>
        <truncated>0</truncated>
        <difficult>0</difficult>
        <bndbox>
                <xmin>33</xmin>
                <ymin>30</ymin>
                <xmax>52</xmax>
                <ymax>165</ymax>
            </bndbox>
        </object>
    <object>
        <name>2</name>
        <pose>Unspecified</pose>
        <truncated>0</truncated>
        <difficult>0</difficult>
        <bndbox>
                <xmin>61</xmin>
                <ymin>28</ymin>
                <xmax>91</xmax>
                <ymax>164</ymax>
            </bndbox>
        </object>
    <object>
        <name>4</name>
        <pose>Unspecified</pose>
        <truncated>0</truncated>
        <difficult>0</difficult>
        <bndbox>
                <xmin>95</xmin>
                <ymin>27</ymin>
                <xmax>123</xmax>
                <ymax>162</ymax>
            </bndbox>
        </object>
    <object>
        <name>7</name>
        <pose>Unspecified</pose>
        <truncated>0</truncated>
        <difficult>0</difficult>
        <bndbox>
                <xmin>129</xmin>
                <ymin>27</ymin>
                <xmax>157</xmax>
                <ymax>163</ymax>
            </bndbox>
        </object>
    <object>
        <name>D</name>
        <pose>Unspecified</pose>
        <truncated>0</truncated>
        <difficult>0</difficult>
        <bndbox>
                <xmin>184</xmin>
                <ymin>45</ymin>
                <xmax>207</xmax>
                <ymax>150</ymax>
            </bndbox>
        </object>
    <object>
        <name>A</name>
        <pose>Unspecified</pose>
        <truncated>0</truncated>
        <difficult>0</difficult>
        <bndbox>
                <xmin>216</xmin>
                <ymin>36</ymin>
                <xmax>240</xmax>
                <ymax>151</ymax>
            </bndbox>
        </object>
    <object>
        <name>D</name>
        <pose>Unspecified</pose>
        <truncated>0</truncated>
        <difficult>0</difficult>
        <bndbox>
                <xmin>247</xmin>
                <ymin>44</ymin>
                <xmax>272</xmax>
                <ymax>150</ymax>
            </bndbox>
        </object>
    </annotation>
