<annotation>
    <folder>From-Labelbox-license-characters-593images</folder>
    <filename>ckid0mio0002m246adn07btx6.jpeg</filename>
    <path>/home/riotu/Object Detection/Datasets/Car-detection/License-characters/From-Labelbox-license-characters-593images/ckid0mio0002m246adn07btx6.jpeg</path>
    <source>
        <database>Unknown</database>
    </source>
    <size>
        <width>408</width>
        <height>182</height>
        <depth>3</depth>
    </size>
    <segmented>0</segmented>
    <object>
        <name>2</name>
        <pose>Unspecified</pose>
        <truncated>0</truncated>
        <difficult>0</difficult>
        <bndbox>
                <xmin>21</xmin>
                <ymin>21</ymin>
                <xmax>62</xmax>
                <ymax>167</ymax>
            </bndbox>
        </object>
    <object>
        <name>8</name>
        <pose>Unspecified</pose>
        <truncated>0</truncated>
        <difficult>0</difficult>
        <bndbox>
                <xmin>64</xmin>
                <ymin>21</ymin>
                <xmax>102</xmax>
                <ymax>165</ymax>
            </bndbox>
        </object>
    <object>
        <name>0</name>
        <pose>Unspecified</pose>
        <truncated>0</truncated>
        <difficult>0</difficult>
        <bndbox>
                <xmin>107</xmin>
                <ymin>47</ymin>
                <xmax>145</xmax>
                <ymax>165</ymax>
            </bndbox>
        </object>
    <object>
        <name>6</name>
        <pose>Unspecified</pose>
        <truncated>0</truncated>
        <difficult>0</difficult>
        <bndbox>
                <xmin>149</xmin>
                <ymin>20</ymin>
                <xmax>189</xmax>
                <ymax>164</ymax>
            </bndbox>
        </object>
    <object>
        <name>S</name>
        <pose>Unspecified</pose>
        <truncated>0</truncated>
        <difficult>0</difficult>
        <bndbox>
                <xmin>208</xmin>
                <ymin>38</ymin>
                <xmax>241</xmax>
                <ymax>155</ymax>
            </bndbox>
        </object>
    <object>
        <name>B</name>
        <pose>Unspecified</pose>
        <truncated>0</truncated>
        <difficult>0</difficult>
        <bndbox>
                <xmin>249</xmin>
                <ymin>41</ymin>
                <xmax>284</xmax>
                <ymax>153</ymax>
            </bndbox>
        </object>
    <object>
        <name>A</name>
        <pose>Unspecified</pose>
        <truncated>0</truncated>
        <difficult>0</difficult>
        <bndbox>
                <xmin>293</xmin>
                <ymin>29</ymin>
                <xmax>323</xmax>
                <ymax>153</ymax>
            </bndbox>
        </object>
    </annotation>
