<annotation>
    <folder>From-Labelbox-license-characters-593images</folder>
    <filename>ckid1ssqx003i246ao2i6xlwo.jpeg</filename>
    <path>/home/riotu/Object Detection/Datasets/Car-detection/License-characters/From-Labelbox-license-characters-593images/ckid1ssqx003i246ao2i6xlwo.jpeg</path>
    <source>
        <database>Unknown</database>
    </source>
    <size>
        <width>378</width>
        <height>204</height>
        <depth>3</depth>
    </size>
    <segmented>0</segmented>
    <object>
        <name>8</name>
        <pose>Unspecified</pose>
        <truncated>0</truncated>
        <difficult>0</difficult>
        <bndbox>
                <xmin>27</xmin>
                <ymin>29</ymin>
                <xmax>59</xmax>
                <ymax>180</ymax>
            </bndbox>
        </object>
    <object>
        <name>5</name>
        <pose>Unspecified</pose>
        <truncated>0</truncated>
        <difficult>0</difficult>
        <bndbox>
                <xmin>65</xmin>
                <ymin>41</ymin>
                <xmax>97</xmax>
                <ymax>179</ymax>
            </bndbox>
        </object>
    <object>
        <name>8</name>
        <pose>Unspecified</pose>
        <truncated>0</truncated>
        <difficult>0</difficult>
        <bndbox>
                <xmin>105</xmin>
                <ymin>27</ymin>
                <xmax>136</xmax>
                <ymax>177</ymax>
            </bndbox>
        </object>
    <object>
        <name>3</name>
        <pose>Unspecified</pose>
        <truncated>0</truncated>
        <difficult>0</difficult>
        <bndbox>
                <xmin>141</xmin>
                <ymin>27</ymin>
                <xmax>175</xmax>
                <ymax>176</ymax>
            </bndbox>
        </object>
    <object>
        <name>J</name>
        <pose>Unspecified</pose>
        <truncated>0</truncated>
        <difficult>0</difficult>
        <bndbox>
                <xmin>195</xmin>
                <ymin>38</ymin>
                <xmax>227</xmax>
                <ymax>164</ymax>
            </bndbox>
        </object>
    <object>
        <name>L</name>
        <pose>Unspecified</pose>
        <truncated>0</truncated>
        <difficult>0</difficult>
        <bndbox>
                <xmin>234</xmin>
                <ymin>36</ymin>
                <xmax>264</xmax>
                <ymax>165</ymax>
            </bndbox>
        </object>
    <object>
        <name>B</name>
        <pose>Unspecified</pose>
        <truncated>0</truncated>
        <difficult>0</difficult>
        <bndbox>
                <xmin>272</xmin>
                <ymin>47</ymin>
                <xmax>302</xmax>
                <ymax>163</ymax>
            </bndbox>
        </object>
    </annotation>
