<annotation>
    <folder>From-Labelbox-license-characters-593images</folder>
    <filename>ckid0bke7002e246a9i1obcqq.png</filename>
    <path>/home/riotu/Object Detection/Datasets/Car-detection/License-characters/From-Labelbox-license-characters-593images/ckid0bke7002e246a9i1obcqq.png</path>
    <source>
        <database>Unknown</database>
    </source>
    <size>
        <width>193</width>
        <height>104</height>
        <depth>3</depth>
    </size>
    <segmented>0</segmented>
    <object>
        <name>3</name>
        <pose>Unspecified</pose>
        <truncated>0</truncated>
        <difficult>0</difficult>
        <bndbox>
                <xmin>16</xmin>
                <ymin>17</ymin>
                <xmax>33</xmax>
                <ymax>93</ymax>
            </bndbox>
        </object>
    <object>
        <name>0</name>
        <pose>Unspecified</pose>
        <truncated>0</truncated>
        <difficult>0</difficult>
        <bndbox>
                <xmin>37</xmin>
                <ymin>30</ymin>
                <xmax>52</xmax>
                <ymax>92</ymax>
            </bndbox>
        </object>
    <object>
        <name>1</name>
        <pose>Unspecified</pose>
        <truncated>0</truncated>
        <difficult>0</difficult>
        <bndbox>
                <xmin>61</xmin>
                <ymin>20</ymin>
                <xmax>74</xmax>
                <ymax>92</ymax>
            </bndbox>
        </object>
    <object>
        <name>1</name>
        <pose>Unspecified</pose>
        <truncated>0</truncated>
        <difficult>0</difficult>
        <bndbox>
                <xmin>78</xmin>
                <ymin>18</ymin>
                <xmax>94</xmax>
                <ymax>93</ymax>
            </bndbox>
        </object>
    <object>
        <name>A</name>
        <pose>Unspecified</pose>
        <truncated>0</truncated>
        <difficult>0</difficult>
        <bndbox>
                <xmin>105</xmin>
                <ymin>25</ymin>
                <xmax>118</xmax>
                <ymax>90</ymax>
            </bndbox>
        </object>
    <object>
        <name>Z</name>
        <pose>Unspecified</pose>
        <truncated>0</truncated>
        <difficult>0</difficult>
        <bndbox>
                <xmin>124</xmin>
                <ymin>26</ymin>
                <xmax>138</xmax>
                <ymax>87</ymax>
            </bndbox>
        </object>
    <object>
        <name>J</name>
        <pose>Unspecified</pose>
        <truncated>0</truncated>
        <difficult>0</difficult>
        <bndbox>
                <xmin>143</xmin>
                <ymin>24</ymin>
                <xmax>160</xmax>
                <ymax>89</ymax>
            </bndbox>
        </object>
    </annotation>
