<annotation>
    <folder>From-Labelbox-license-characters-593images</folder>
    <filename>ckid0tirs002r246aabj19q3u.jpeg</filename>
    <path>/home/riotu/Object Detection/Datasets/Car-detection/License-characters/From-Labelbox-license-characters-593images/ckid0tirs002r246aabj19q3u.jpeg</path>
    <source>
        <database>Unknown</database>
    </source>
    <size>
        <width>482</width>
        <height>246</height>
        <depth>3</depth>
    </size>
    <segmented>0</segmented>
    <object>
        <name>8</name>
        <pose>Unspecified</pose>
        <truncated>0</truncated>
        <difficult>0</difficult>
        <bndbox>
                <xmin>42</xmin>
                <ymin>46</ymin>
                <xmax>86</xmax>
                <ymax>231</ymax>
            </bndbox>
        </object>
    <object>
        <name>0</name>
        <pose>Unspecified</pose>
        <truncated>0</truncated>
        <difficult>0</difficult>
        <bndbox>
                <xmin>92</xmin>
                <ymin>75</ymin>
                <xmax>133</xmax>
                <ymax>226</ymax>
            </bndbox>
        </object>
    <object>
        <name>4</name>
        <pose>Unspecified</pose>
        <truncated>0</truncated>
        <difficult>0</difficult>
        <bndbox>
                <xmin>143</xmin>
                <ymin>43</ymin>
                <xmax>186</xmax>
                <ymax>226</ymax>
            </bndbox>
        </object>
    <object>
        <name>4</name>
        <pose>Unspecified</pose>
        <truncated>0</truncated>
        <difficult>0</difficult>
        <bndbox>
                <xmin>193</xmin>
                <ymin>41</ymin>
                <xmax>237</xmax>
                <ymax>221</ymax>
            </bndbox>
        </object>
    <object>
        <name>G</name>
        <pose>Unspecified</pose>
        <truncated>0</truncated>
        <difficult>0</difficult>
        <bndbox>
                <xmin>270</xmin>
                <ymin>52</ymin>
                <xmax>310</xmax>
                <ymax>206</ymax>
            </bndbox>
        </object>
    <object>
        <name>V</name>
        <pose>Unspecified</pose>
        <truncated>0</truncated>
        <difficult>0</difficult>
        <bndbox>
                <xmin>321</xmin>
                <ymin>47</ymin>
                <xmax>359</xmax>
                <ymax>205</ymax>
            </bndbox>
        </object>
    <object>
        <name>J</name>
        <pose>Unspecified</pose>
        <truncated>0</truncated>
        <difficult>0</difficult>
        <bndbox>
                <xmin>366</xmin>
                <ymin>44</ymin>
                <xmax>407</xmax>
                <ymax>199</ymax>
            </bndbox>
        </object>
    </annotation>
