<annotation>
    <folder>From-Labelbox-license-characters-593images</folder>
    <filename>ckid14fy50030246aapab94ud.jpeg</filename>
    <path>/home/riotu/Object Detection/Datasets/Car-detection/License-characters/From-Labelbox-license-characters-593images/ckid14fy50030246aapab94ud.jpeg</path>
    <source>
        <database>Unknown</database>
    </source>
    <size>
        <width>513</width>
        <height>265</height>
        <depth>3</depth>
    </size>
    <segmented>0</segmented>
    <object>
        <name>7</name>
        <pose>Unspecified</pose>
        <truncated>0</truncated>
        <difficult>0</difficult>
        <bndbox>
                <xmin>47</xmin>
                <ymin>35</ymin>
                <xmax>91</xmax>
                <ymax>242</ymax>
            </bndbox>
        </object>
    <object>
        <name>0</name>
        <pose>Unspecified</pose>
        <truncated>0</truncated>
        <difficult>0</difficult>
        <bndbox>
                <xmin>102</xmin>
                <ymin>67</ymin>
                <xmax>148</xmax>
                <ymax>241</ymax>
            </bndbox>
        </object>
    <object>
        <name>9</name>
        <pose>Unspecified</pose>
        <truncated>0</truncated>
        <difficult>0</difficult>
        <bndbox>
                <xmin>157</xmin>
                <ymin>32</ymin>
                <xmax>200</xmax>
                <ymax>239</ymax>
            </bndbox>
        </object>
    <object>
        <name>0</name>
        <pose>Unspecified</pose>
        <truncated>0</truncated>
        <difficult>0</difficult>
        <bndbox>
                <xmin>210</xmin>
                <ymin>63</ymin>
                <xmax>253</xmax>
                <ymax>238</ymax>
            </bndbox>
        </object>
    <object>
        <name>H</name>
        <pose>Unspecified</pose>
        <truncated>0</truncated>
        <difficult>0</difficult>
        <bndbox>
                <xmin>285</xmin>
                <ymin>53</ymin>
                <xmax>325</xmax>
                <ymax>221</ymax>
            </bndbox>
        </object>
    <object>
        <name>H</name>
        <pose>Unspecified</pose>
        <truncated>0</truncated>
        <difficult>0</difficult>
        <bndbox>
                <xmin>342</xmin>
                <ymin>54</ymin>
                <xmax>380</xmax>
                <ymax>222</ymax>
            </bndbox>
        </object>
    <object>
        <name>J</name>
        <pose>Unspecified</pose>
        <truncated>0</truncated>
        <difficult>0</difficult>
        <bndbox>
                <xmin>395</xmin>
                <ymin>46</ymin>
                <xmax>432</xmax>
                <ymax>219</ymax>
            </bndbox>
        </object>
    </annotation>
