<annotation>
    <folder>From-Labelbox-license-characters-593images</folder>
    <filename>ckid1xn5h003l246a71621b3v.jpeg</filename>
    <path>/home/riotu/Object Detection/Datasets/Car-detection/License-characters/From-Labelbox-license-characters-593images/ckid1xn5h003l246a71621b3v.jpeg</path>
    <source>
        <database>Unknown</database>
    </source>
    <size>
        <width>492</width>
        <height>253</height>
        <depth>3</depth>
    </size>
    <segmented>0</segmented>
    <object>
        <name>7</name>
        <pose>Unspecified</pose>
        <truncated>0</truncated>
        <difficult>0</difficult>
        <bndbox>
                <xmin>45</xmin>
                <ymin>27</ymin>
                <xmax>89</xmax>
                <ymax>222</ymax>
            </bndbox>
        </object>
    <object>
        <name>4</name>
        <pose>Unspecified</pose>
        <truncated>0</truncated>
        <difficult>0</difficult>
        <bndbox>
                <xmin>95</xmin>
                <ymin>32</ymin>
                <xmax>135</xmax>
                <ymax>222</ymax>
            </bndbox>
        </object>
    <object>
        <name>6</name>
        <pose>Unspecified</pose>
        <truncated>0</truncated>
        <difficult>0</difficult>
        <bndbox>
                <xmin>147</xmin>
                <ymin>25</ymin>
                <xmax>187</xmax>
                <ymax>222</ymax>
            </bndbox>
        </object>
    <object>
        <name>3</name>
        <pose>Unspecified</pose>
        <truncated>0</truncated>
        <difficult>0</difficult>
        <bndbox>
                <xmin>199</xmin>
                <ymin>28</ymin>
                <xmax>240</xmax>
                <ymax>222</ymax>
            </bndbox>
        </object>
    <object>
        <name>J</name>
        <pose>Unspecified</pose>
        <truncated>0</truncated>
        <difficult>0</difficult>
        <bndbox>
                <xmin>275</xmin>
                <ymin>39</ymin>
                <xmax>311</xmax>
                <ymax>208</ymax>
            </bndbox>
        </object>
    <object>
        <name>R</name>
        <pose>Unspecified</pose>
        <truncated>0</truncated>
        <difficult>0</difficult>
        <bndbox>
                <xmin>322</xmin>
                <ymin>53</ymin>
                <xmax>361</xmax>
                <ymax>208</ymax>
            </bndbox>
        </object>
    <object>
        <name>J</name>
        <pose>Unspecified</pose>
        <truncated>0</truncated>
        <difficult>0</difficult>
        <bndbox>
                <xmin>373</xmin>
                <ymin>40</ymin>
                <xmax>410</xmax>
                <ymax>206</ymax>
            </bndbox>
        </object>
    </annotation>
