<annotation>
    <folder>From-Labelbox-license-characters-593images</folder>
    <filename>ckid1ge1j003a246adaf92ay6.jpeg</filename>
    <path>/home/riotu/Object Detection/Datasets/Car-detection/License-characters/From-Labelbox-license-characters-593images/ckid1ge1j003a246adaf92ay6.jpeg</path>
    <source>
        <database>Unknown</database>
    </source>
    <size>
        <width>385</width>
        <height>215</height>
        <depth>3</depth>
    </size>
    <segmented>0</segmented>
    <object>
        <name>2</name>
        <pose>Unspecified</pose>
        <truncated>0</truncated>
        <difficult>0</difficult>
        <bndbox>
                <xmin>31</xmin>
                <ymin>33</ymin>
                <xmax>70</xmax>
                <ymax>198</ymax>
            </bndbox>
        </object>
    <object>
        <name>2</name>
        <pose>Unspecified</pose>
        <truncated>0</truncated>
        <difficult>0</difficult>
        <bndbox>
                <xmin>74</xmin>
                <ymin>32</ymin>
                <xmax>109</xmax>
                <ymax>197</ymax>
            </bndbox>
        </object>
    <object>
        <name>4</name>
        <pose>Unspecified</pose>
        <truncated>0</truncated>
        <difficult>0</difficult>
        <bndbox>
                <xmin>114</xmin>
                <ymin>33</ymin>
                <xmax>152</xmax>
                <ymax>193</ymax>
            </bndbox>
        </object>
    <object>
        <name>6</name>
        <pose>Unspecified</pose>
        <truncated>0</truncated>
        <difficult>0</difficult>
        <bndbox>
                <xmin>153</xmin>
                <ymin>30</ymin>
                <xmax>193</xmax>
                <ymax>189</ymax>
            </bndbox>
        </object>
    <object>
        <name>Z</name>
        <pose>Unspecified</pose>
        <truncated>0</truncated>
        <difficult>0</difficult>
        <bndbox>
                <xmin>217</xmin>
                <ymin>38</ymin>
                <xmax>248</xmax>
                <ymax>175</ymax>
            </bndbox>
        </object>
    <object>
        <name>D</name>
        <pose>Unspecified</pose>
        <truncated>0</truncated>
        <difficult>0</difficult>
        <bndbox>
                <xmin>255</xmin>
                <ymin>46</ymin>
                <xmax>286</xmax>
                <ymax>172</ymax>
            </bndbox>
        </object>
    <object>
        <name>J</name>
        <pose>Unspecified</pose>
        <truncated>0</truncated>
        <difficult>0</difficult>
        <bndbox>
                <xmin>295</xmin>
                <ymin>34</ymin>
                <xmax>327</xmax>
                <ymax>170</ymax>
            </bndbox>
        </object>
    </annotation>
