<annotation>
    <folder>From-Labelbox-license-characters-593images</folder>
    <filename>ckid0f9bo002h246apjgcridt.jpeg</filename>
    <path>/home/riotu/Object Detection/Datasets/Car-detection/License-characters/From-Labelbox-license-characters-593images/ckid0f9bo002h246apjgcridt.jpeg</path>
    <source>
        <database>Unknown</database>
    </source>
    <size>
        <width>449</width>
        <height>210</height>
        <depth>3</depth>
    </size>
    <segmented>0</segmented>
    <object>
        <name>3</name>
        <pose>Unspecified</pose>
        <truncated>0</truncated>
        <difficult>0</difficult>
        <bndbox>
                <xmin>32</xmin>
                <ymin>12</ymin>
                <xmax>77</xmax>
                <ymax>186</ymax>
            </bndbox>
        </object>
    <object>
        <name>7</name>
        <pose>Unspecified</pose>
        <truncated>0</truncated>
        <difficult>0</difficult>
        <bndbox>
                <xmin>79</xmin>
                <ymin>13</ymin>
                <xmax>120</xmax>
                <ymax>189</ymax>
            </bndbox>
        </object>
    <object>
        <name>2</name>
        <pose>Unspecified</pose>
        <truncated>0</truncated>
        <difficult>0</difficult>
        <bndbox>
                <xmin>129</xmin>
                <ymin>12</ymin>
                <xmax>167</xmax>
                <ymax>195</ymax>
            </bndbox>
        </object>
    <object>
        <name>8</name>
        <pose>Unspecified</pose>
        <truncated>0</truncated>
        <difficult>0</difficult>
        <bndbox>
                <xmin>175</xmin>
                <ymin>16</ymin>
                <xmax>215</xmax>
                <ymax>193</ymax>
            </bndbox>
        </object>
    <object>
        <name>G</name>
        <pose>Unspecified</pose>
        <truncated>0</truncated>
        <difficult>0</difficult>
        <bndbox>
                <xmin>243</xmin>
                <ymin>34</ymin>
                <xmax>278</xmax>
                <ymax>184</ymax>
            </bndbox>
        </object>
    <object>
        <name>K</name>
        <pose>Unspecified</pose>
        <truncated>0</truncated>
        <difficult>0</difficult>
        <bndbox>
                <xmin>291</xmin>
                <ymin>32</ymin>
                <xmax>326</xmax>
                <ymax>190</ymax>
            </bndbox>
        </object>
    <object>
        <name>J</name>
        <pose>Unspecified</pose>
        <truncated>0</truncated>
        <difficult>0</difficult>
        <bndbox>
                <xmin>338</xmin>
                <ymin>35</ymin>
                <xmax>374</xmax>
                <ymax>187</ymax>
            </bndbox>
        </object>
    </annotation>
