<annotation>
    <folder>From-Labelbox-license-characters-593images</folder>
    <filename>ckid0w0kb002t246as4lqa3ja.jpeg</filename>
    <path>/home/riotu/Object Detection/Datasets/Car-detection/License-characters/From-Labelbox-license-characters-593images/ckid0w0kb002t246as4lqa3ja.jpeg</path>
    <source>
        <database>Unknown</database>
    </source>
    <size>
        <width>474</width>
        <height>255</height>
        <depth>3</depth>
    </size>
    <segmented>0</segmented>
    <object>
        <name>1</name>
        <pose>Unspecified</pose>
        <truncated>0</truncated>
        <difficult>0</difficult>
        <bndbox>
                <xmin>49</xmin>
                <ymin>38</ymin>
                <xmax>81</xmax>
                <ymax>226</ymax>
            </bndbox>
        </object>
    <object>
        <name>7</name>
        <pose>Unspecified</pose>
        <truncated>0</truncated>
        <difficult>0</difficult>
        <bndbox>
                <xmin>96</xmin>
                <ymin>34</ymin>
                <xmax>135</xmax>
                <ymax>227</ymax>
            </bndbox>
        </object>
    <object>
        <name>5</name>
        <pose>Unspecified</pose>
        <truncated>0</truncated>
        <difficult>0</difficult>
        <bndbox>
                <xmin>146</xmin>
                <ymin>48</ymin>
                <xmax>185</xmax>
                <ymax>224</ymax>
            </bndbox>
        </object>
    <object>
        <name>9</name>
        <pose>Unspecified</pose>
        <truncated>0</truncated>
        <difficult>0</difficult>
        <bndbox>
                <xmin>195</xmin>
                <ymin>33</ymin>
                <xmax>231</xmax>
                <ymax>222</ymax>
            </bndbox>
        </object>
    <object>
        <name>L</name>
        <pose>Unspecified</pose>
        <truncated>0</truncated>
        <difficult>0</difficult>
        <bndbox>
                <xmin>265</xmin>
                <ymin>45</ymin>
                <xmax>300</xmax>
                <ymax>207</ymax>
            </bndbox>
        </object>
    <object>
        <name>R</name>
        <pose>Unspecified</pose>
        <truncated>0</truncated>
        <difficult>0</difficult>
        <bndbox>
                <xmin>315</xmin>
                <ymin>58</ymin>
                <xmax>349</xmax>
                <ymax>206</ymax>
            </bndbox>
        </object>
    <object>
        <name>D</name>
        <pose>Unspecified</pose>
        <truncated>0</truncated>
        <difficult>0</difficult>
        <bndbox>
                <xmin>362</xmin>
                <ymin>56</ymin>
                <xmax>397</xmax>
                <ymax>204</ymax>
            </bndbox>
        </object>
    </annotation>
