<annotation>
    <folder>From-Labelbox-license-characters-593images</folder>
    <filename>ckid10cqi002x246at3d667yo.jpeg</filename>
    <path>/home/riotu/Object Detection/Datasets/Car-detection/License-characters/From-Labelbox-license-characters-593images/ckid10cqi002x246at3d667yo.jpeg</path>
    <source>
        <database>Unknown</database>
    </source>
    <size>
        <width>633</width>
        <height>142</height>
        <depth>3</depth>
    </size>
    <segmented>0</segmented>
    <object>
        <name>4</name>
        <pose>Unspecified</pose>
        <truncated>0</truncated>
        <difficult>0</difficult>
        <bndbox>
                <xmin>86</xmin>
                <ymin>12</ymin>
                <xmax>110</xmax>
                <ymax>125</ymax>
            </bndbox>
        </object>
    <object>
        <name>6</name>
        <pose>Unspecified</pose>
        <truncated>0</truncated>
        <difficult>0</difficult>
        <bndbox>
                <xmin>140</xmin>
                <ymin>14</ymin>
                <xmax>169</xmax>
                <ymax>127</ymax>
            </bndbox>
        </object>
    <object>
        <name>0</name>
        <pose>Unspecified</pose>
        <truncated>0</truncated>
        <difficult>0</difficult>
        <bndbox>
                <xmin>200</xmin>
                <ymin>32</ymin>
                <xmax>226</xmax>
                <ymax>125</ymax>
            </bndbox>
        </object>
    <object>
        <name>Z</name>
        <pose>Unspecified</pose>
        <truncated>0</truncated>
        <difficult>0</difficult>
        <bndbox>
                <xmin>489</xmin>
                <ymin>19</ymin>
                <xmax>525</xmax>
                <ymax>130</ymax>
            </bndbox>
        </object>
    <object>
        <name>N</name>
        <pose>Unspecified</pose>
        <truncated>0</truncated>
        <difficult>0</difficult>
        <bndbox>
                <xmin>434</xmin>
                <ymin>18</ymin>
                <xmax>467</xmax>
                <ymax>130</ymax>
            </bndbox>
        </object>
    </annotation>
