<annotation>
    <folder>From-Labelbox-license-characters-593images</folder>
    <filename>ckid0k377002k246aa82z7ygk.jpeg</filename>
    <path>/home/riotu/Object Detection/Datasets/Car-detection/License-characters/From-Labelbox-license-characters-593images/ckid0k377002k246aa82z7ygk.jpeg</path>
    <source>
        <database>Unknown</database>
    </source>
    <size>
        <width>374</width>
        <height>195</height>
        <depth>3</depth>
    </size>
    <segmented>0</segmented>
    <object>
        <name>5</name>
        <pose>Unspecified</pose>
        <truncated>0</truncated>
        <difficult>0</difficult>
        <bndbox>
                <xmin>32</xmin>
                <ymin>44</ymin>
                <xmax>69</xmax>
                <ymax>175</ymax>
            </bndbox>
        </object>
    <object>
        <name>9</name>
        <pose>Unspecified</pose>
        <truncated>0</truncated>
        <difficult>0</difficult>
        <bndbox>
                <xmin>69</xmin>
                <ymin>35</ymin>
                <xmax>107</xmax>
                <ymax>174</ymax>
            </bndbox>
        </object>
    <object>
        <name>2</name>
        <pose>Unspecified</pose>
        <truncated>0</truncated>
        <difficult>0</difficult>
        <bndbox>
                <xmin>106</xmin>
                <ymin>29</ymin>
                <xmax>148</xmax>
                <ymax>173</ymax>
            </bndbox>
        </object>
    <object>
        <name>0</name>
        <pose>Unspecified</pose>
        <truncated>0</truncated>
        <difficult>0</difficult>
        <bndbox>
                <xmin>149</xmin>
                <ymin>52</ymin>
                <xmax>184</xmax>
                <ymax>167</ymax>
            </bndbox>
        </object>
    <object>
        <name>S</name>
        <pose>Unspecified</pose>
        <truncated>0</truncated>
        <difficult>0</difficult>
        <bndbox>
                <xmin>206</xmin>
                <ymin>46</ymin>
                <xmax>241</xmax>
                <ymax>157</ymax>
            </bndbox>
        </object>
    <object>
        <name>A</name>
        <pose>Unspecified</pose>
        <truncated>0</truncated>
        <difficult>0</difficult>
        <bndbox>
                <xmin>250</xmin>
                <ymin>37</ymin>
                <xmax>281</xmax>
                <ymax>159</ymax>
            </bndbox>
        </object>
    <object>
        <name>J</name>
        <pose>Unspecified</pose>
        <truncated>0</truncated>
        <difficult>0</difficult>
        <bndbox>
                <xmin>282</xmin>
                <ymin>35</ymin>
                <xmax>318</xmax>
                <ymax>158</ymax>
            </bndbox>
        </object>
    </annotation>
