<annotation>
    <folder>From-Labelbox-license-characters-593images</folder>
    <filename>ckid20u6s003n246a2s0d2gah.jpeg</filename>
    <path>/home/riotu/Object Detection/Datasets/Car-detection/License-characters/From-Labelbox-license-characters-593images/ckid20u6s003n246a2s0d2gah.jpeg</path>
    <source>
        <database>Unknown</database>
    </source>
    <size>
        <width>429</width>
        <height>213</height>
        <depth>3</depth>
    </size>
    <segmented>0</segmented>
    <object>
        <name>1</name>
        <pose>Unspecified</pose>
        <truncated>0</truncated>
        <difficult>0</difficult>
        <bndbox>
                <xmin>38</xmin>
                <ymin>22</ymin>
                <xmax>67</xmax>
                <ymax>198</ymax>
            </bndbox>
        </object>
    <object>
        <name>4</name>
        <pose>Unspecified</pose>
        <truncated>0</truncated>
        <difficult>0</difficult>
        <bndbox>
                <xmin>76</xmin>
                <ymin>25</ymin>
                <xmax>117</xmax>
                <ymax>195</ymax>
            </bndbox>
        </object>
    <object>
        <name>8</name>
        <pose>Unspecified</pose>
        <truncated>0</truncated>
        <difficult>0</difficult>
        <bndbox>
                <xmin>123</xmin>
                <ymin>22</ymin>
                <xmax>159</xmax>
                <ymax>197</ymax>
            </bndbox>
        </object>
    <object>
        <name>1</name>
        <pose>Unspecified</pose>
        <truncated>0</truncated>
        <difficult>0</difficult>
        <bndbox>
                <xmin>173</xmin>
                <ymin>26</ymin>
                <xmax>198</xmax>
                <ymax>196</ymax>
            </bndbox>
        </object>
    <object>
        <name>N</name>
        <pose>Unspecified</pose>
        <truncated>0</truncated>
        <difficult>0</difficult>
        <bndbox>
                <xmin>239</xmin>
                <ymin>39</ymin>
                <xmax>275</xmax>
                <ymax>184</ymax>
            </bndbox>
        </object>
    <object>
        <name>R</name>
        <pose>Unspecified</pose>
        <truncated>0</truncated>
        <difficult>0</difficult>
        <bndbox>
                <xmin>283</xmin>
                <ymin>51</ymin>
                <xmax>321</xmax>
                <ymax>184</ymax>
            </bndbox>
        </object>
    <object>
        <name>B</name>
        <pose>Unspecified</pose>
        <truncated>0</truncated>
        <difficult>0</difficult>
        <bndbox>
                <xmin>330</xmin>
                <ymin>54</ymin>
                <xmax>366</xmax>
                <ymax>183</ymax>
            </bndbox>
        </object>
    </annotation>
