<annotation>
    <folder>From-Labelbox-license-characters-593images</folder>
    <filename>ckid1d0gh0037246a0kae53jr.jpeg</filename>
    <path>/home/riotu/Object Detection/Datasets/Car-detection/License-characters/From-Labelbox-license-characters-593images/ckid1d0gh0037246a0kae53jr.jpeg</path>
    <source>
        <database>Unknown</database>
    </source>
    <size>
        <width>447</width>
        <height>216</height>
        <depth>3</depth>
    </size>
    <segmented>0</segmented>
    <object>
        <name>2</name>
        <pose>Unspecified</pose>
        <truncated>0</truncated>
        <difficult>0</difficult>
        <bndbox>
                <xmin>31</xmin>
                <ymin>25</ymin>
                <xmax>73</xmax>
                <ymax>194</ymax>
            </bndbox>
        </object>
    <object>
        <name>1</name>
        <pose>Unspecified</pose>
        <truncated>0</truncated>
        <difficult>0</difficult>
        <bndbox>
                <xmin>86</xmin>
                <ymin>25</ymin>
                <xmax>118</xmax>
                <ymax>195</ymax>
            </bndbox>
        </object>
    <object>
        <name>9</name>
        <pose>Unspecified</pose>
        <truncated>0</truncated>
        <difficult>0</difficult>
        <bndbox>
                <xmin>127</xmin>
                <ymin>21</ymin>
                <xmax>168</xmax>
                <ymax>193</ymax>
            </bndbox>
        </object>
    <object>
        <name>9</name>
        <pose>Unspecified</pose>
        <truncated>0</truncated>
        <difficult>0</difficult>
        <bndbox>
                <xmin>172</xmin>
                <ymin>23</ymin>
                <xmax>216</xmax>
                <ymax>194</ymax>
            </bndbox>
        </object>
    <object>
        <name>G</name>
        <pose>Unspecified</pose>
        <truncated>0</truncated>
        <difficult>0</difficult>
        <bndbox>
                <xmin>244</xmin>
                <ymin>38</ymin>
                <xmax>282</xmax>
                <ymax>183</ymax>
            </bndbox>
        </object>
    <object>
        <name>J</name>
        <pose>Unspecified</pose>
        <truncated>0</truncated>
        <difficult>0</difficult>
        <bndbox>
                <xmin>340</xmin>
                <ymin>38</ymin>
                <xmax>378</xmax>
                <ymax>186</ymax>
            </bndbox>
        </object>
    <object>
        <name>Z</name>
        <pose>Unspecified</pose>
        <truncated>0</truncated>
        <difficult>0</difficult>
        <bndbox>
                <xmin>287</xmin>
                <ymin>36</ymin>
                <xmax>330</xmax>
                <ymax>182</ymax>
            </bndbox>
        </object>
    </annotation>
