<annotation>
    <folder>From-Labelbox-license-characters-593images</folder>
    <filename>ckid04bl00029246aefmq02ru.jpeg</filename>
    <path>/home/riotu/Object Detection/Datasets/Car-detection/License-characters/From-Labelbox-license-characters-593images/ckid04bl00029246aefmq02ru.jpeg</path>
    <source>
        <database>Unknown</database>
    </source>
    <size>
        <width>361</width>
        <height>186</height>
        <depth>3</depth>
    </size>
    <segmented>0</segmented>
    <object>
        <name>5</name>
        <pose>Unspecified</pose>
        <truncated>0</truncated>
        <difficult>0</difficult>
        <bndbox>
                <xmin>32</xmin>
                <ymin>36</ymin>
                <xmax>63</xmax>
                <ymax>155</ymax>
            </bndbox>
        </object>
    <object>
        <name>8</name>
        <pose>Unspecified</pose>
        <truncated>0</truncated>
        <difficult>0</difficult>
        <bndbox>
                <xmin>69</xmin>
                <ymin>26</ymin>
                <xmax>102</xmax>
                <ymax>159</ymax>
            </bndbox>
        </object>
    <object>
        <name>5</name>
        <pose>Unspecified</pose>
        <truncated>0</truncated>
        <difficult>0</difficult>
        <bndbox>
                <xmin>109</xmin>
                <ymin>35</ymin>
                <xmax>141</xmax>
                <ymax>159</ymax>
            </bndbox>
        </object>
    <object>
        <name>4</name>
        <pose>Unspecified</pose>
        <truncated>0</truncated>
        <difficult>0</difficult>
        <bndbox>
                <xmin>145</xmin>
                <ymin>29</ymin>
                <xmax>176</xmax>
                <ymax>161</ymax>
            </bndbox>
        </object>
    <object>
        <name>U</name>
        <pose>Unspecified</pose>
        <truncated>0</truncated>
        <difficult>0</difficult>
        <bndbox>
                <xmin>201</xmin>
                <ymin>45</ymin>
                <xmax>229</xmax>
                <ymax>152</ymax>
            </bndbox>
        </object>
    <object>
        <name>D</name>
        <pose>Unspecified</pose>
        <truncated>0</truncated>
        <difficult>0</difficult>
        <bndbox>
                <xmin>237</xmin>
                <ymin>51</ymin>
                <xmax>262</xmax>
                <ymax>154</ymax>
            </bndbox>
        </object>
    <object>
        <name>J</name>
        <pose>Unspecified</pose>
        <truncated>0</truncated>
        <difficult>0</difficult>
        <bndbox>
                <xmin>276</xmin>
                <ymin>40</ymin>
                <xmax>306</xmax>
                <ymax>159</ymax>
            </bndbox>
        </object>
    </annotation>
