<annotation>
    <folder>From-Labelbox-license-characters-593images</folder>
    <filename>ckid0lets002l246a45i89zfm.jpeg</filename>
    <path>/home/riotu/Object Detection/Datasets/Car-detection/License-characters/From-Labelbox-license-characters-593images/ckid0lets002l246a45i89zfm.jpeg</path>
    <source>
        <database>Unknown</database>
    </source>
    <size>
        <width>281</width>
        <height>143</height>
        <depth>3</depth>
    </size>
    <segmented>0</segmented>
    <object>
        <name>8</name>
        <pose>Unspecified</pose>
        <truncated>0</truncated>
        <difficult>0</difficult>
        <bndbox>
                <xmin>18</xmin>
                <ymin>15</ymin>
                <xmax>42</xmax>
                <ymax>128</ymax>
            </bndbox>
        </object>
    <object>
        <name>5</name>
        <pose>Unspecified</pose>
        <truncated>0</truncated>
        <difficult>0</difficult>
        <bndbox>
                <xmin>47</xmin>
                <ymin>24</ymin>
                <xmax>70</xmax>
                <ymax>129</ymax>
            </bndbox>
        </object>
    <object>
        <name>8</name>
        <pose>Unspecified</pose>
        <truncated>0</truncated>
        <difficult>0</difficult>
        <bndbox>
                <xmin>76</xmin>
                <ymin>16</ymin>
                <xmax>100</xmax>
                <ymax>128</ymax>
            </bndbox>
        </object>
    <object>
        <name>3</name>
        <pose>Unspecified</pose>
        <truncated>0</truncated>
        <difficult>0</difficult>
        <bndbox>
                <xmin>103</xmin>
                <ymin>16</ymin>
                <xmax>128</xmax>
                <ymax>128</ymax>
            </bndbox>
        </object>
    <object>
        <name>J</name>
        <pose>Unspecified</pose>
        <truncated>0</truncated>
        <difficult>0</difficult>
        <bndbox>
                <xmin>143</xmin>
                <ymin>24</ymin>
                <xmax>165</xmax>
                <ymax>120</ymax>
            </bndbox>
        </object>
    <object>
        <name>L</name>
        <pose>Unspecified</pose>
        <truncated>0</truncated>
        <difficult>0</difficult>
        <bndbox>
                <xmin>171</xmin>
                <ymin>24</ymin>
                <xmax>195</xmax>
                <ymax>123</ymax>
            </bndbox>
        </object>
    <object>
        <name>B</name>
        <pose>Unspecified</pose>
        <truncated>0</truncated>
        <difficult>0</difficult>
        <bndbox>
                <xmin>200</xmin>
                <ymin>35</ymin>
                <xmax>221</xmax>
                <ymax>122</ymax>
            </bndbox>
        </object>
    </annotation>
