<annotation>
    <folder>From-Labelbox-license-characters-593images</folder>
    <filename>ckid1vq01003k246agzbe1dlo.jpeg</filename>
    <path>/home/riotu/Object Detection/Datasets/Car-detection/License-characters/From-Labelbox-license-characters-593images/ckid1vq01003k246agzbe1dlo.jpeg</path>
    <source>
        <database>Unknown</database>
    </source>
    <size>
        <width>496</width>
        <height>264</height>
        <depth>3</depth>
    </size>
    <segmented>0</segmented>
    <object>
        <name>4</name>
        <pose>Unspecified</pose>
        <truncated>0</truncated>
        <difficult>0</difficult>
        <bndbox>
                <xmin>43</xmin>
                <ymin>67</ymin>
                <xmax>83</xmax>
                <ymax>244</ymax>
            </bndbox>
        </object>
    <object>
        <name>3</name>
        <pose>Unspecified</pose>
        <truncated>0</truncated>
        <difficult>0</difficult>
        <bndbox>
                <xmin>93</xmin>
                <ymin>62</ymin>
                <xmax>136</xmax>
                <ymax>238</ymax>
            </bndbox>
        </object>
    <object>
        <name>0</name>
        <pose>Unspecified</pose>
        <truncated>0</truncated>
        <difficult>0</difficult>
        <bndbox>
                <xmin>143</xmin>
                <ymin>84</ymin>
                <xmax>187</xmax>
                <ymax>231</ymax>
            </bndbox>
        </object>
    <object>
        <name>4</name>
        <pose>Unspecified</pose>
        <truncated>0</truncated>
        <difficult>0</difficult>
        <bndbox>
                <xmin>194</xmin>
                <ymin>50</ymin>
                <xmax>237</xmax>
                <ymax>225</ymax>
            </bndbox>
        </object>
    <object>
        <name>R</name>
        <pose>Unspecified</pose>
        <truncated>0</truncated>
        <difficult>0</difficult>
        <bndbox>
                <xmin>275</xmin>
                <ymin>64</ymin>
                <xmax>313</xmax>
                <ymax>205</ymax>
            </bndbox>
        </object>
    <object>
        <name>U</name>
        <pose>Unspecified</pose>
        <truncated>0</truncated>
        <difficult>0</difficult>
        <bndbox>
                <xmin>325</xmin>
                <ymin>53</ymin>
                <xmax>362</xmax>
                <ymax>199</ymax>
            </bndbox>
        </object>
    <object>
        <name>J</name>
        <pose>Unspecified</pose>
        <truncated>0</truncated>
        <difficult>0</difficult>
        <bndbox>
                <xmin>374</xmin>
                <ymin>41</ymin>
                <xmax>412</xmax>
                <ymax>194</ymax>
            </bndbox>
        </object>
    </annotation>
