<annotation>
    <folder>From-Labelbox-license-characters-593images</folder>
    <filename>ckie7ffbq005y246a1zpzxdcv.jpeg</filename>
    <path>/home/riotu/Object Detection/Datasets/Car-detection/License-characters/From-Labelbox-license-characters-593images/ckie7ffbq005y246a1zpzxdcv.jpeg</path>
    <source>
        <database>Unknown</database>
    </source>
    <size>
        <width>352</width>
        <height>186</height>
        <depth>3</depth>
    </size>
    <segmented>0</segmented>
    <object>
        <name>2</name>
        <pose>Unspecified</pose>
        <truncated>0</truncated>
        <difficult>0</difficult>
        <bndbox>
                <xmin>23</xmin>
                <ymin>24</ymin>
                <xmax>52</xmax>
                <ymax>173</ymax>
            </bndbox>
        </object>
    <object>
        <name>8</name>
        <pose>Unspecified</pose>
        <truncated>0</truncated>
        <difficult>0</difficult>
        <bndbox>
                <xmin>57</xmin>
                <ymin>25</ymin>
                <xmax>88</xmax>
                <ymax>171</ymax>
            </bndbox>
        </object>
    <object>
        <name>0</name>
        <pose>Unspecified</pose>
        <truncated>0</truncated>
        <difficult>0</difficult>
        <bndbox>
                <xmin>94</xmin>
                <ymin>48</ymin>
                <xmax>128</xmax>
                <ymax>168</ymax>
            </bndbox>
        </object>
    <object>
        <name>6</name>
        <pose>Unspecified</pose>
        <truncated>0</truncated>
        <difficult>0</difficult>
        <bndbox>
                <xmin>131</xmin>
                <ymin>24</ymin>
                <xmax>165</xmax>
                <ymax>167</ymax>
            </bndbox>
        </object>
    <object>
        <name>S</name>
        <pose>Unspecified</pose>
        <truncated>0</truncated>
        <difficult>0</difficult>
        <bndbox>
                <xmin>178</xmin>
                <ymin>42</ymin>
                <xmax>212</xmax>
                <ymax>157</ymax>
            </bndbox>
        </object>
    <object>
        <name>B</name>
        <pose>Unspecified</pose>
        <truncated>0</truncated>
        <difficult>0</difficult>
        <bndbox>
                <xmin>216</xmin>
                <ymin>46</ymin>
                <xmax>245</xmax>
                <ymax>156</ymax>
            </bndbox>
        </object>
    <object>
        <name>A</name>
        <pose>Unspecified</pose>
        <truncated>0</truncated>
        <difficult>0</difficult>
        <bndbox>
                <xmin>255</xmin>
                <ymin>30</ymin>
                <xmax>281</xmax>
                <ymax>158</ymax>
            </bndbox>
        </object>
    </annotation>
