<annotation>
    <folder>From-Labelbox-license-characters-593images</folder>
    <filename>ckie7s3cc0068246a3yq3r357.jpeg</filename>
    <path>/home/riotu/Object Detection/Datasets/Car-detection/License-characters/From-Labelbox-license-characters-593images/ckie7s3cc0068246a3yq3r357.jpeg</path>
    <source>
        <database>Unknown</database>
    </source>
    <size>
        <width>297</width>
        <height>81</height>
        <depth>3</depth>
    </size>
    <segmented>0</segmented>
    <object>
        <name>7</name>
        <pose>Unspecified</pose>
        <truncated>0</truncated>
        <difficult>0</difficult>
        <bndbox>
                <xmin>28</xmin>
                <ymin>17</ymin>
                <xmax>44</xmax>
                <ymax>70</ymax>
            </bndbox>
        </object>
    <object>
        <name>9</name>
        <pose>Unspecified</pose>
        <truncated>0</truncated>
        <difficult>0</difficult>
        <bndbox>
                <xmin>51</xmin>
                <ymin>17</ymin>
                <xmax>68</xmax>
                <ymax>69</ymax>
            </bndbox>
        </object>
    <object>
        <name>9</name>
        <pose>Unspecified</pose>
        <truncated>0</truncated>
        <difficult>0</difficult>
        <bndbox>
                <xmin>77</xmin>
                <ymin>15</ymin>
                <xmax>93</xmax>
                <ymax>69</ymax>
            </bndbox>
        </object>
    <object>
        <name>7</name>
        <pose>Unspecified</pose>
        <truncated>0</truncated>
        <difficult>0</difficult>
        <bndbox>
                <xmin>99</xmin>
                <ymin>18</ymin>
                <xmax>116</xmax>
                <ymax>70</ymax>
            </bndbox>
        </object>
    <object>
        <name>E</name>
        <pose>Unspecified</pose>
        <truncated>0</truncated>
        <difficult>0</difficult>
        <bndbox>
                <xmin>198</xmin>
                <ymin>16</ymin>
                <xmax>216</xmax>
                <ymax>70</ymax>
            </bndbox>
        </object>
    <object>
        <name>B</name>
        <pose>Unspecified</pose>
        <truncated>0</truncated>
        <difficult>0</difficult>
        <bndbox>
                <xmin>221</xmin>
                <ymin>23</ymin>
                <xmax>240</xmax>
                <ymax>69</ymax>
            </bndbox>
        </object>
    <object>
        <name>S</name>
        <pose>Unspecified</pose>
        <truncated>0</truncated>
        <difficult>0</difficult>
        <bndbox>
                <xmin>249</xmin>
                <ymin>23</ymin>
                <xmax>266</xmax>
                <ymax>70</ymax>
            </bndbox>
        </object>
    </annotation>
