<annotation>
    <folder>From-Labelbox-license-characters-593images</folder>
    <filename>ckie3vi7j003p246a88ks6c20.jpeg</filename>
    <path>/home/riotu/Object Detection/Datasets/Car-detection/License-characters/From-Labelbox-license-characters-593images/ckie3vi7j003p246a88ks6c20.jpeg</path>
    <source>
        <database>Unknown</database>
    </source>
    <size>
        <width>502</width>
        <height>262</height>
        <depth>3</depth>
    </size>
    <segmented>0</segmented>
    <object>
        <name>9</name>
        <pose>Unspecified</pose>
        <truncated>0</truncated>
        <difficult>0</difficult>
        <bndbox>
                <xmin>45</xmin>
                <ymin>26</ymin>
                <xmax>88</xmax>
                <ymax>232</ymax>
            </bndbox>
        </object>
    <object>
        <name>9</name>
        <pose>Unspecified</pose>
        <truncated>0</truncated>
        <difficult>0</difficult>
        <bndbox>
                <xmin>95</xmin>
                <ymin>27</ymin>
                <xmax>139</xmax>
                <ymax>232</ymax>
            </bndbox>
        </object>
    <object>
        <name>5</name>
        <pose>Unspecified</pose>
        <truncated>0</truncated>
        <difficult>0</difficult>
        <bndbox>
                <xmin>149</xmin>
                <ymin>44</ymin>
                <xmax>192</xmax>
                <ymax>233</ymax>
            </bndbox>
        </object>
    <object>
        <name>8</name>
        <pose>Unspecified</pose>
        <truncated>0</truncated>
        <difficult>0</difficult>
        <bndbox>
                <xmin>201</xmin>
                <ymin>28</ymin>
                <xmax>242</xmax>
                <ymax>234</ymax>
            </bndbox>
        </object>
    <object>
        <name>V</name>
        <pose>Unspecified</pose>
        <truncated>0</truncated>
        <difficult>0</difficult>
        <bndbox>
                <xmin>279</xmin>
                <ymin>44</ymin>
                <xmax>317</xmax>
                <ymax>221</ymax>
            </bndbox>
        </object>
    <object>
        <name>X</name>
        <pose>Unspecified</pose>
        <truncated>0</truncated>
        <difficult>0</difficult>
        <bndbox>
                <xmin>331</xmin>
                <ymin>56</ymin>
                <xmax>370</xmax>
                <ymax>219</ymax>
            </bndbox>
        </object>
    <object>
        <name>D</name>
        <pose>Unspecified</pose>
        <truncated>0</truncated>
        <difficult>0</difficult>
        <bndbox>
                <xmin>385</xmin>
                <ymin>59</ymin>
                <xmax>422</xmax>
                <ymax>219</ymax>
            </bndbox>
        </object>
    </annotation>
