<annotation>
    <folder>From-Labelbox-license-characters-593images</folder>
    <filename>ckie4znsf004c246a83yfo64r.jpeg</filename>
    <path>/home/riotu/Object Detection/Datasets/Car-detection/License-characters/From-Labelbox-license-characters-593images/ckie4znsf004c246a83yfo64r.jpeg</path>
    <source>
        <database>Unknown</database>
    </source>
    <size>
        <width>405</width>
        <height>213</height>
        <depth>3</depth>
    </size>
    <segmented>0</segmented>
    <object>
        <name>6</name>
        <pose>Unspecified</pose>
        <truncated>0</truncated>
        <difficult>0</difficult>
        <bndbox>
                <xmin>21</xmin>
                <ymin>30</ymin>
                <xmax>60</xmax>
                <ymax>195</ymax>
            </bndbox>
        </object>
    <object>
        <name>9</name>
        <pose>Unspecified</pose>
        <truncated>0</truncated>
        <difficult>0</difficult>
        <bndbox>
                <xmin>68</xmin>
                <ymin>29</ymin>
                <xmax>102</xmax>
                <ymax>194</ymax>
            </bndbox>
        </object>
    <object>
        <name>2</name>
        <pose>Unspecified</pose>
        <truncated>0</truncated>
        <difficult>0</difficult>
        <bndbox>
                <xmin>109</xmin>
                <ymin>29</ymin>
                <xmax>146</xmax>
                <ymax>195</ymax>
            </bndbox>
        </object>
    <object>
        <name>4</name>
        <pose>Unspecified</pose>
        <truncated>0</truncated>
        <difficult>0</difficult>
        <bndbox>
                <xmin>151</xmin>
                <ymin>27</ymin>
                <xmax>187</xmax>
                <ymax>193</ymax>
            </bndbox>
        </object>
    <object>
        <name>H</name>
        <pose>Unspecified</pose>
        <truncated>0</truncated>
        <difficult>0</difficult>
        <bndbox>
                <xmin>209</xmin>
                <ymin>47</ymin>
                <xmax>241</xmax>
                <ymax>180</ymax>
            </bndbox>
        </object>
    <object>
        <name>E</name>
        <pose>Unspecified</pose>
        <truncated>0</truncated>
        <difficult>0</difficult>
        <bndbox>
                <xmin>252</xmin>
                <ymin>38</ymin>
                <xmax>283</xmax>
                <ymax>180</ymax>
            </bndbox>
        </object>
    <object>
        <name>A</name>
        <pose>Unspecified</pose>
        <truncated>0</truncated>
        <difficult>0</difficult>
        <bndbox>
                <xmin>296</xmin>
                <ymin>36</ymin>
                <xmax>324</xmax>
                <ymax>178</ymax>
            </bndbox>
        </object>
    </annotation>
