<annotation>
    <folder>From-Labelbox-license-characters-593images</folder>
    <filename>ckie6bv4v0059246axgf4mgan.jpeg</filename>
    <path>/home/riotu/Object Detection/Datasets/Car-detection/License-characters/From-Labelbox-license-characters-593images/ckie6bv4v0059246axgf4mgan.jpeg</path>
    <source>
        <database>Unknown</database>
    </source>
    <size>
        <width>196</width>
        <height>113</height>
        <depth>3</depth>
    </size>
    <segmented>0</segmented>
    <object>
        <name>3</name>
        <pose>Unspecified</pose>
        <truncated>0</truncated>
        <difficult>0</difficult>
        <bndbox>
                <xmin>14</xmin>
                <ymin>19</ymin>
                <xmax>32</xmax>
                <ymax>99</ymax>
            </bndbox>
        </object>
    <object>
        <name>8</name>
        <pose>Unspecified</pose>
        <truncated>0</truncated>
        <difficult>0</difficult>
        <bndbox>
                <xmin>34</xmin>
                <ymin>18</ymin>
                <xmax>51</xmax>
                <ymax>100</ymax>
            </bndbox>
        </object>
    <object>
        <name>0</name>
        <pose>Unspecified</pose>
        <truncated>0</truncated>
        <difficult>0</difficult>
        <bndbox>
                <xmin>55</xmin>
                <ymin>33</ymin>
                <xmax>71</xmax>
                <ymax>99</ymax>
            </bndbox>
        </object>
    <object>
        <name>0</name>
        <pose>Unspecified</pose>
        <truncated>0</truncated>
        <difficult>0</difficult>
        <bndbox>
                <xmin>75</xmin>
                <ymin>33</ymin>
                <xmax>92</xmax>
                <ymax>101</ymax>
            </bndbox>
        </object>
    <object>
        <name>J</name>
        <pose>Unspecified</pose>
        <truncated>0</truncated>
        <difficult>0</difficult>
        <bndbox>
                <xmin>104</xmin>
                <ymin>25</ymin>
                <xmax>122</xmax>
                <ymax>95</ymax>
            </bndbox>
        </object>
    <object>
        <name>X</name>
        <pose>Unspecified</pose>
        <truncated>0</truncated>
        <difficult>0</difficult>
        <bndbox>
                <xmin>124</xmin>
                <ymin>29</ymin>
                <xmax>140</xmax>
                <ymax>95</ymax>
            </bndbox>
        </object>
    <object>
        <name>J</name>
        <pose>Unspecified</pose>
        <truncated>0</truncated>
        <difficult>0</difficult>
        <bndbox>
                <xmin>144</xmin>
                <ymin>24</ymin>
                <xmax>161</xmax>
                <ymax>95</ymax>
            </bndbox>
        </object>
    </annotation>
