<annotation>
    <folder>From-Labelbox-license-characters-593images</folder>
    <filename>ckie7qzge0067246abhmbup2v.jpeg</filename>
    <path>/home/riotu/Object Detection/Datasets/Car-detection/License-characters/From-Labelbox-license-characters-593images/ckie7qzge0067246abhmbup2v.jpeg</path>
    <source>
        <database>Unknown</database>
    </source>
    <size>
        <width>341</width>
        <height>175</height>
        <depth>3</depth>
    </size>
    <segmented>0</segmented>
    <object>
        <name>5</name>
        <pose>Unspecified</pose>
        <truncated>0</truncated>
        <difficult>0</difficult>
        <bndbox>
                <xmin>29</xmin>
                <ymin>31</ymin>
                <xmax>66</xmax>
                <ymax>154</ymax>
            </bndbox>
        </object>
    <object>
        <name>0</name>
        <pose>Unspecified</pose>
        <truncated>0</truncated>
        <difficult>0</difficult>
        <bndbox>
                <xmin>68</xmin>
                <ymin>44</ymin>
                <xmax>99</xmax>
                <ymax>155</ymax>
            </bndbox>
        </object>
    <object>
        <name>7</name>
        <pose>Unspecified</pose>
        <truncated>0</truncated>
        <difficult>0</difficult>
        <bndbox>
                <xmin>100</xmin>
                <ymin>21</ymin>
                <xmax>133</xmax>
                <ymax>157</ymax>
            </bndbox>
        </object>
    <object>
        <name>4</name>
        <pose>Unspecified</pose>
        <truncated>0</truncated>
        <difficult>0</difficult>
        <bndbox>
                <xmin>139</xmin>
                <ymin>23</ymin>
                <xmax>171</xmax>
                <ymax>159</ymax>
            </bndbox>
        </object>
    <object>
        <name>B</name>
        <pose>Unspecified</pose>
        <truncated>0</truncated>
        <difficult>0</difficult>
        <bndbox>
                <xmin>191</xmin>
                <ymin>45</ymin>
                <xmax>218</xmax>
                <ymax>150</ymax>
            </bndbox>
        </object>
    <object>
        <name>N</name>
        <pose>Unspecified</pose>
        <truncated>0</truncated>
        <difficult>0</difficult>
        <bndbox>
                <xmin>227</xmin>
                <ymin>35</ymin>
                <xmax>254</xmax>
                <ymax>151</ymax>
            </bndbox>
        </object>
    <object>
        <name>J</name>
        <pose>Unspecified</pose>
        <truncated>0</truncated>
        <difficult>0</difficult>
        <bndbox>
                <xmin>261</xmin>
                <ymin>35</ymin>
                <xmax>290</xmax>
                <ymax>150</ymax>
            </bndbox>
        </object>
    </annotation>
