<annotation>
    <folder>From-Labelbox-license-characters-593images</folder>
    <filename>ckie63q0v0053246ap5eu6spb.jpeg</filename>
    <path>/home/riotu/Object Detection/Datasets/Car-detection/License-characters/From-Labelbox-license-characters-593images/ckie63q0v0053246ap5eu6spb.jpeg</path>
    <source>
        <database>Unknown</database>
    </source>
    <size>
        <width>597</width>
        <height>133</height>
        <depth>3</depth>
    </size>
    <segmented>0</segmented>
    <object>
        <name>7</name>
        <pose>Unspecified</pose>
        <truncated>0</truncated>
        <difficult>0</difficult>
        <bndbox>
                <xmin>47</xmin>
                <ymin>19</ymin>
                <xmax>73</xmax>
                <ymax>121</ymax>
            </bndbox>
        </object>
    <object>
        <name>2</name>
        <pose>Unspecified</pose>
        <truncated>0</truncated>
        <difficult>0</difficult>
        <bndbox>
                <xmin>99</xmin>
                <ymin>17</ymin>
                <xmax>125</xmax>
                <ymax>121</ymax>
            </bndbox>
        </object>
    <object>
        <name>7</name>
        <pose>Unspecified</pose>
        <truncated>0</truncated>
        <difficult>0</difficult>
        <bndbox>
                <xmin>151</xmin>
                <ymin>18</ymin>
                <xmax>180</xmax>
                <ymax>121</ymax>
            </bndbox>
        </object>
    <object>
        <name>9</name>
        <pose>Unspecified</pose>
        <truncated>0</truncated>
        <difficult>0</difficult>
        <bndbox>
                <xmin>206</xmin>
                <ymin>18</ymin>
                <xmax>234</xmax>
                <ymax>121</ymax>
            </bndbox>
        </object>
    <object>
        <name>A</name>
        <pose>Unspecified</pose>
        <truncated>0</truncated>
        <difficult>0</difficult>
        <bndbox>
                <xmin>408</xmin>
                <ymin>16</ymin>
                <xmax>436</xmax>
                <ymax>119</ymax>
            </bndbox>
        </object>
    <object>
        <name>A</name>
        <pose>Unspecified</pose>
        <truncated>0</truncated>
        <difficult>0</difficult>
        <bndbox>
                <xmin>462</xmin>
                <ymin>16</ymin>
                <xmax>488</xmax>
                <ymax>118</ymax>
            </bndbox>
        </object>
    <object>
        <name>A</name>
        <pose>Unspecified</pose>
        <truncated>0</truncated>
        <difficult>0</difficult>
        <bndbox>
                <xmin>514</xmin>
                <ymin>13</ymin>
                <xmax>546</xmax>
                <ymax>116</ymax>
            </bndbox>
        </object>
    </annotation>
