<annotation>
    <folder>From-Labelbox-license-characters-593images</folder>
    <filename>ckie5wmvf004y246ayzjhtixf.jpeg</filename>
    <path>/home/riotu/Object Detection/Datasets/Car-detection/License-characters/From-Labelbox-license-characters-593images/ckie5wmvf004y246ayzjhtixf.jpeg</path>
    <source>
        <database>Unknown</database>
    </source>
    <size>
        <width>219</width>
        <height>125</height>
        <depth>3</depth>
    </size>
    <segmented>0</segmented>
    <object>
        <name>4</name>
        <pose>Unspecified</pose>
        <truncated>0</truncated>
        <difficult>0</difficult>
        <bndbox>
                <xmin>23</xmin>
                <ymin>20</ymin>
                <xmax>45</xmax>
                <ymax>104</ymax>
            </bndbox>
        </object>
    <object>
        <name>2</name>
        <pose>Unspecified</pose>
        <truncated>0</truncated>
        <difficult>0</difficult>
        <bndbox>
                <xmin>44</xmin>
                <ymin>20</ymin>
                <xmax>65</xmax>
                <ymax>105</ymax>
            </bndbox>
        </object>
    <object>
        <name>7</name>
        <pose>Unspecified</pose>
        <truncated>0</truncated>
        <difficult>0</difficult>
        <bndbox>
                <xmin>66</xmin>
                <ymin>22</ymin>
                <xmax>85</xmax>
                <ymax>106</ymax>
            </bndbox>
        </object>
    <object>
        <name>7</name>
        <pose>Unspecified</pose>
        <truncated>0</truncated>
        <difficult>0</difficult>
        <bndbox>
                <xmin>88</xmin>
                <ymin>24</ymin>
                <xmax>107</xmax>
                <ymax>108</ymax>
            </bndbox>
        </object>
    <object>
        <name>E</name>
        <pose>Unspecified</pose>
        <truncated>0</truncated>
        <difficult>0</difficult>
        <bndbox>
                <xmin>118</xmin>
                <ymin>31</ymin>
                <xmax>137</xmax>
                <ymax>103</ymax>
            </bndbox>
        </object>
    <object>
        <name>J</name>
        <pose>Unspecified</pose>
        <truncated>0</truncated>
        <difficult>0</difficult>
        <bndbox>
                <xmin>138</xmin>
                <ymin>33</ymin>
                <xmax>157</xmax>
                <ymax>104</ymax>
            </bndbox>
        </object>
    <object>
        <name>D</name>
        <pose>Unspecified</pose>
        <truncated>0</truncated>
        <difficult>0</difficult>
        <bndbox>
                <xmin>161</xmin>
                <ymin>40</ymin>
                <xmax>179</xmax>
                <ymax>106</ymax>
            </bndbox>
        </object>
    </annotation>
