<annotation>
    <folder>From-Labelbox-license-characters-593images</folder>
    <filename>ckie6vd9o005j246awn7s89xy.jpeg</filename>
    <path>/home/riotu/Object Detection/Datasets/Car-detection/License-characters/From-Labelbox-license-characters-593images/ckie6vd9o005j246awn7s89xy.jpeg</path>
    <source>
        <database>Unknown</database>
    </source>
    <size>
        <width>421</width>
        <height>206</height>
        <depth>3</depth>
    </size>
    <segmented>0</segmented>
    <object>
        <name>6</name>
        <pose>Unspecified</pose>
        <truncated>0</truncated>
        <difficult>0</difficult>
        <bndbox>
                <xmin>26</xmin>
                <ymin>18</ymin>
                <xmax>68</xmax>
                <ymax>188</ymax>
            </bndbox>
        </object>
    <object>
        <name>5</name>
        <pose>Unspecified</pose>
        <truncated>0</truncated>
        <difficult>0</difficult>
        <bndbox>
                <xmin>72</xmin>
                <ymin>32</ymin>
                <xmax>109</xmax>
                <ymax>188</ymax>
            </bndbox>
        </object>
    <object>
        <name>0</name>
        <pose>Unspecified</pose>
        <truncated>0</truncated>
        <difficult>0</difficult>
        <bndbox>
                <xmin>113</xmin>
                <ymin>49</ymin>
                <xmax>152</xmax>
                <ymax>188</ymax>
            </bndbox>
        </object>
    <object>
        <name>7</name>
        <pose>Unspecified</pose>
        <truncated>0</truncated>
        <difficult>0</difficult>
        <bndbox>
                <xmin>156</xmin>
                <ymin>21</ymin>
                <xmax>196</xmax>
                <ymax>188</ymax>
            </bndbox>
        </object>
    <object>
        <name>E</name>
        <pose>Unspecified</pose>
        <truncated>0</truncated>
        <difficult>0</difficult>
        <bndbox>
                <xmin>217</xmin>
                <ymin>36</ymin>
                <xmax>252</xmax>
                <ymax>178</ymax>
            </bndbox>
        </object>
    <object>
        <name>G</name>
        <pose>Unspecified</pose>
        <truncated>0</truncated>
        <difficult>0</difficult>
        <bndbox>
                <xmin>262</xmin>
                <ymin>37</ymin>
                <xmax>295</xmax>
                <ymax>177</ymax>
            </bndbox>
        </object>
    <object>
        <name>B</name>
        <pose>Unspecified</pose>
        <truncated>0</truncated>
        <difficult>0</difficult>
        <bndbox>
                <xmin>303</xmin>
                <ymin>50</ymin>
                <xmax>338</xmax>
                <ymax>176</ymax>
            </bndbox>
        </object>
    </annotation>
