<annotation>
    <folder>From-Labelbox-license-characters-593images</folder>
    <filename>ckie5cf7c004l246avt1fbdyx.jpeg</filename>
    <path>/home/riotu/Object Detection/Datasets/Car-detection/License-characters/From-Labelbox-license-characters-593images/ckie5cf7c004l246avt1fbdyx.jpeg</path>
    <source>
        <database>Unknown</database>
    </source>
    <size>
        <width>381</width>
        <height>207</height>
        <depth>3</depth>
    </size>
    <segmented>0</segmented>
    <object>
        <name>4</name>
        <pose>Unspecified</pose>
        <truncated>0</truncated>
        <difficult>0</difficult>
        <bndbox>
                <xmin>28</xmin>
                <ymin>36</ymin>
                <xmax>64</xmax>
                <ymax>193</ymax>
            </bndbox>
        </object>
    <object>
        <name>3</name>
        <pose>Unspecified</pose>
        <truncated>0</truncated>
        <difficult>0</difficult>
        <bndbox>
                <xmin>67</xmin>
                <ymin>33</ymin>
                <xmax>104</xmax>
                <ymax>189</ymax>
            </bndbox>
        </object>
    <object>
        <name>0</name>
        <pose>Unspecified</pose>
        <truncated>0</truncated>
        <difficult>0</difficult>
        <bndbox>
                <xmin>108</xmin>
                <ymin>56</ymin>
                <xmax>143</xmax>
                <ymax>188</ymax>
            </bndbox>
        </object>
    <object>
        <name>4</name>
        <pose>Unspecified</pose>
        <truncated>0</truncated>
        <difficult>0</difficult>
        <bndbox>
                <xmin>145</xmin>
                <ymin>29</ymin>
                <xmax>184</xmax>
                <ymax>186</ymax>
            </bndbox>
        </object>
    <object>
        <name>R</name>
        <pose>Unspecified</pose>
        <truncated>0</truncated>
        <difficult>0</difficult>
        <bndbox>
                <xmin>212</xmin>
                <ymin>48</ymin>
                <xmax>243</xmax>
                <ymax>171</ymax>
            </bndbox>
        </object>
    <object>
        <name>U</name>
        <pose>Unspecified</pose>
        <truncated>0</truncated>
        <difficult>0</difficult>
        <bndbox>
                <xmin>251</xmin>
                <ymin>40</ymin>
                <xmax>284</xmax>
                <ymax>170</ymax>
            </bndbox>
        </object>
    <object>
        <name>J</name>
        <pose>Unspecified</pose>
        <truncated>0</truncated>
        <difficult>0</difficult>
        <bndbox>
                <xmin>289</xmin>
                <ymin>35</ymin>
                <xmax>322</xmax>
                <ymax>168</ymax>
            </bndbox>
        </object>
    </annotation>
