<annotation>
    <folder>From-Labelbox-license-characters-593images</folder>
    <filename>ckie5anc4004k246a97hl3myt.jpeg</filename>
    <path>/home/riotu/Object Detection/Datasets/Car-detection/License-characters/From-Labelbox-license-characters-593images/ckie5anc4004k246a97hl3myt.jpeg</path>
    <source>
        <database>Unknown</database>
    </source>
    <size>
        <width>480</width>
        <height>237</height>
        <depth>3</depth>
    </size>
    <segmented>0</segmented>
    <object>
        <name>9</name>
        <pose>Unspecified</pose>
        <truncated>0</truncated>
        <difficult>0</difficult>
        <bndbox>
                <xmin>31</xmin>
                <ymin>41</ymin>
                <xmax>73</xmax>
                <ymax>213</ymax>
            </bndbox>
        </object>
    <object>
        <name>5</name>
        <pose>Unspecified</pose>
        <truncated>0</truncated>
        <difficult>0</difficult>
        <bndbox>
                <xmin>82</xmin>
                <ymin>53</ymin>
                <xmax>123</xmax>
                <ymax>212</ymax>
            </bndbox>
        </object>
    <object>
        <name>5</name>
        <pose>Unspecified</pose>
        <truncated>0</truncated>
        <difficult>0</difficult>
        <bndbox>
                <xmin>130</xmin>
                <ymin>52</ymin>
                <xmax>171</xmax>
                <ymax>209</ymax>
            </bndbox>
        </object>
    <object>
        <name>1</name>
        <pose>Unspecified</pose>
        <truncated>0</truncated>
        <difficult>0</difficult>
        <bndbox>
                <xmin>185</xmin>
                <ymin>37</ymin>
                <xmax>216</xmax>
                <ymax>208</ymax>
            </bndbox>
        </object>
    <object>
        <name>S</name>
        <pose>Unspecified</pose>
        <truncated>0</truncated>
        <difficult>0</difficult>
        <bndbox>
                <xmin>249</xmin>
                <ymin>59</ymin>
                <xmax>287</xmax>
                <ymax>190</ymax>
            </bndbox>
        </object>
    <object>
        <name>K</name>
        <pose>Unspecified</pose>
        <truncated>0</truncated>
        <difficult>0</difficult>
        <bndbox>
                <xmin>295</xmin>
                <ymin>46</ymin>
                <xmax>335</xmax>
                <ymax>187</ymax>
            </bndbox>
        </object>
    <object>
        <name>A</name>
        <pose>Unspecified</pose>
        <truncated>0</truncated>
        <difficult>0</difficult>
        <bndbox>
                <xmin>344</xmin>
                <ymin>43</ymin>
                <xmax>377</xmax>
                <ymax>184</ymax>
            </bndbox>
        </object>
    </annotation>
