<annotation>
    <folder>From-Labelbox-license-characters-593images</folder>
    <filename>ckie657f50054246au0cmhbgz.jpeg</filename>
    <path>/home/riotu/Object Detection/Datasets/Car-detection/License-characters/From-Labelbox-license-characters-593images/ckie657f50054246au0cmhbgz.jpeg</path>
    <source>
        <database>Unknown</database>
    </source>
    <size>
        <width>201</width>
        <height>122</height>
        <depth>3</depth>
    </size>
    <segmented>0</segmented>
    <object>
        <name>9</name>
        <pose>Unspecified</pose>
        <truncated>0</truncated>
        <difficult>0</difficult>
        <bndbox>
                <xmin>16</xmin>
                <ymin>19</ymin>
                <xmax>36</xmax>
                <ymax>101</ymax>
            </bndbox>
        </object>
    <object>
        <name>9</name>
        <pose>Unspecified</pose>
        <truncated>0</truncated>
        <difficult>0</difficult>
        <bndbox>
                <xmin>37</xmin>
                <ymin>19</ymin>
                <xmax>56</xmax>
                <ymax>101</ymax>
            </bndbox>
        </object>
    <object>
        <name>5</name>
        <pose>Unspecified</pose>
        <truncated>0</truncated>
        <difficult>0</difficult>
        <bndbox>
                <xmin>59</xmin>
                <ymin>26</ymin>
                <xmax>77</xmax>
                <ymax>103</ymax>
            </bndbox>
        </object>
    <object>
        <name>8</name>
        <pose>Unspecified</pose>
        <truncated>0</truncated>
        <difficult>0</difficult>
        <bndbox>
                <xmin>80</xmin>
                <ymin>21</ymin>
                <xmax>98</xmax>
                <ymax>104</ymax>
            </bndbox>
        </object>
    <object>
        <name>V</name>
        <pose>Unspecified</pose>
        <truncated>0</truncated>
        <difficult>0</difficult>
        <bndbox>
                <xmin>112</xmin>
                <ymin>27</ymin>
                <xmax>128</xmax>
                <ymax>97</ymax>
            </bndbox>
        </object>
    <object>
        <name>X</name>
        <pose>Unspecified</pose>
        <truncated>0</truncated>
        <difficult>0</difficult>
        <bndbox>
                <xmin>132</xmin>
                <ymin>31</ymin>
                <xmax>148</xmax>
                <ymax>99</ymax>
            </bndbox>
        </object>
    <object>
        <name>D</name>
        <pose>Unspecified</pose>
        <truncated>0</truncated>
        <difficult>0</difficult>
        <bndbox>
                <xmin>153</xmin>
                <ymin>34</ymin>
                <xmax>169</xmax>
                <ymax>100</ymax>
            </bndbox>
        </object>
    </annotation>
