<annotation>
    <folder>From-Labelbox-license-characters-593images</folder>
    <filename>ckie83i6a006f246a78w5xw0x.jpeg</filename>
    <path>/home/riotu/Object Detection/Datasets/Car-detection/License-characters/From-Labelbox-license-characters-593images/ckie83i6a006f246a78w5xw0x.jpeg</path>
    <source>
        <database>Unknown</database>
    </source>
    <size>
        <width>99</width>
        <height>69</height>
        <depth>3</depth>
    </size>
    <segmented>0</segmented>
    <object>
        <name>8</name>
        <pose>Unspecified</pose>
        <truncated>0</truncated>
        <difficult>0</difficult>
        <bndbox>
                <xmin>11</xmin>
                <ymin>15</ymin>
                <xmax>24</xmax>
                <ymax>61</ymax>
            </bndbox>
        </object>
    <object>
        <name>0</name>
        <pose>Unspecified</pose>
        <truncated>0</truncated>
        <difficult>0</difficult>
        <bndbox>
                <xmin>22</xmin>
                <ymin>22</ymin>
                <xmax>34</xmax>
                <ymax>60</ymax>
            </bndbox>
        </object>
    <object>
        <name>4</name>
        <pose>Unspecified</pose>
        <truncated>0</truncated>
        <difficult>0</difficult>
        <bndbox>
                <xmin>40</xmin>
                <ymin>12</ymin>
                <xmax>55</xmax>
                <ymax>55</ymax>
            </bndbox>
        </object>
    <object>
        <name>J</name>
        <pose>Unspecified</pose>
        <truncated>0</truncated>
        <difficult>0</difficult>
        <bndbox>
                <xmin>72</xmin>
                <ymin>12</ymin>
                <xmax>84</xmax>
                <ymax>51</ymax>
            </bndbox>
        </object>
    </annotation>
