<annotation>
    <folder>From-Labelbox-license-characters-593images</folder>
    <filename>ckie7pj5t0066246adcswvogc.jpeg</filename>
    <path>/home/riotu/Object Detection/Datasets/Car-detection/License-characters/From-Labelbox-license-characters-593images/ckie7pj5t0066246adcswvogc.jpeg</path>
    <source>
        <database>Unknown</database>
    </source>
    <size>
        <width>215</width>
        <height>113</height>
        <depth>3</depth>
    </size>
    <segmented>0</segmented>
    <object>
        <name>8</name>
        <pose>Unspecified</pose>
        <truncated>0</truncated>
        <difficult>0</difficult>
        <bndbox>
                <xmin>26</xmin>
                <ymin>19</ymin>
                <xmax>45</xmax>
                <ymax>103</ymax>
            </bndbox>
        </object>
    <object>
        <name>9</name>
        <pose>Unspecified</pose>
        <truncated>0</truncated>
        <difficult>0</difficult>
        <bndbox>
                <xmin>46</xmin>
                <ymin>20</ymin>
                <xmax>66</xmax>
                <ymax>102</ymax>
            </bndbox>
        </object>
    <object>
        <name>1</name>
        <pose>Unspecified</pose>
        <truncated>0</truncated>
        <difficult>0</difficult>
        <bndbox>
                <xmin>68</xmin>
                <ymin>18</ymin>
                <xmax>85</xmax>
                <ymax>104</ymax>
            </bndbox>
        </object>
    <object>
        <name>8</name>
        <pose>Unspecified</pose>
        <truncated>0</truncated>
        <difficult>0</difficult>
        <bndbox>
                <xmin>88</xmin>
                <ymin>18</ymin>
                <xmax>108</xmax>
                <ymax>102</ymax>
            </bndbox>
        </object>
    <object>
        <name>N</name>
        <pose>Unspecified</pose>
        <truncated>0</truncated>
        <difficult>0</difficult>
        <bndbox>
                <xmin>118</xmin>
                <ymin>24</ymin>
                <xmax>137</xmax>
                <ymax>97</ymax>
            </bndbox>
        </object>
    <object>
        <name>L</name>
        <pose>Unspecified</pose>
        <truncated>0</truncated>
        <difficult>0</difficult>
        <bndbox>
                <xmin>140</xmin>
                <ymin>23</ymin>
                <xmax>158</xmax>
                <ymax>96</ymax>
            </bndbox>
        </object>
    <object>
        <name>J</name>
        <pose>Unspecified</pose>
        <truncated>0</truncated>
        <difficult>0</difficult>
        <bndbox>
                <xmin>158</xmin>
                <ymin>23</ymin>
                <xmax>178</xmax>
                <ymax>97</ymax>
            </bndbox>
        </object>
    </annotation>
