<annotation>
    <folder>From-Labelbox-license-characters-593images</folder>
    <filename>ckie6jj9m005f246aq47fl68a.jpeg</filename>
    <path>/home/riotu/Object Detection/Datasets/Car-detection/License-characters/From-Labelbox-license-characters-593images/ckie6jj9m005f246aq47fl68a.jpeg</path>
    <source>
        <database>Unknown</database>
    </source>
    <size>
        <width>346</width>
        <height>175</height>
        <depth>3</depth>
    </size>
    <segmented>0</segmented>
    <object>
        <name>9</name>
        <pose>Unspecified</pose>
        <truncated>0</truncated>
        <difficult>0</difficult>
        <bndbox>
                <xmin>27</xmin>
                <ymin>20</ymin>
                <xmax>58</xmax>
                <ymax>152</ymax>
            </bndbox>
        </object>
    <object>
        <name>3</name>
        <pose>Unspecified</pose>
        <truncated>0</truncated>
        <difficult>0</difficult>
        <bndbox>
                <xmin>63</xmin>
                <ymin>23</ymin>
                <xmax>94</xmax>
                <ymax>153</ymax>
            </bndbox>
        </object>
    <object>
        <name>7</name>
        <pose>Unspecified</pose>
        <truncated>0</truncated>
        <difficult>0</difficult>
        <bndbox>
                <xmin>99</xmin>
                <ymin>22</ymin>
                <xmax>129</xmax>
                <ymax>154</ymax>
            </bndbox>
        </object>
    <object>
        <name>8</name>
        <pose>Unspecified</pose>
        <truncated>0</truncated>
        <difficult>0</difficult>
        <bndbox>
                <xmin>137</xmin>
                <ymin>23</ymin>
                <xmax>169</xmax>
                <ymax>151</ymax>
            </bndbox>
        </object>
    <object>
        <name>B</name>
        <pose>Unspecified</pose>
        <truncated>0</truncated>
        <difficult>0</difficult>
        <bndbox>
                <xmin>193</xmin>
                <ymin>44</ymin>
                <xmax>220</xmax>
                <ymax>145</ymax>
            </bndbox>
        </object>
    <object>
        <name>E</name>
        <pose>Unspecified</pose>
        <truncated>0</truncated>
        <difficult>0</difficult>
        <bndbox>
                <xmin>230</xmin>
                <ymin>32</ymin>
                <xmax>254</xmax>
                <ymax>143</ymax>
            </bndbox>
        </object>
    <object>
        <name>J</name>
        <pose>Unspecified</pose>
        <truncated>0</truncated>
        <difficult>0</difficult>
        <bndbox>
                <xmin>265</xmin>
                <ymin>31</ymin>
                <xmax>293</xmax>
                <ymax>141</ymax>
            </bndbox>
        </object>
    </annotation>
