<annotation>
    <folder>From-Labelbox-license-characters-593images</folder>
    <filename>ckie7ml930064246a2et9829p.jpeg</filename>
    <path>/home/riotu/Object Detection/Datasets/Car-detection/License-characters/From-Labelbox-license-characters-593images/ckie7ml930064246a2et9829p.jpeg</path>
    <source>
        <database>Unknown</database>
    </source>
    <size>
        <width>210</width>
        <height>136</height>
        <depth>3</depth>
    </size>
    <segmented>0</segmented>
    <object>
        <name>2</name>
        <pose>Unspecified</pose>
        <truncated>0</truncated>
        <difficult>0</difficult>
        <bndbox>
                <xmin>12</xmin>
                <ymin>19</ymin>
                <xmax>29</xmax>
                <ymax>103</ymax>
            </bndbox>
        </object>
    <object>
        <name>5</name>
        <pose>Unspecified</pose>
        <truncated>0</truncated>
        <difficult>0</difficult>
        <bndbox>
                <xmin>33</xmin>
                <ymin>27</ymin>
                <xmax>54</xmax>
                <ymax>108</ymax>
            </bndbox>
        </object>
    <object>
        <name>8</name>
        <pose>Unspecified</pose>
        <truncated>0</truncated>
        <difficult>0</difficult>
        <bndbox>
                <xmin>54</xmin>
                <ymin>23</ymin>
                <xmax>74</xmax>
                <ymax>111</ymax>
            </bndbox>
        </object>
    <object>
        <name>3</name>
        <pose>Unspecified</pose>
        <truncated>0</truncated>
        <difficult>0</difficult>
        <bndbox>
                <xmin>77</xmin>
                <ymin>24</ymin>
                <xmax>98</xmax>
                <ymax>114</ymax>
            </bndbox>
        </object>
    <object>
        <name>N</name>
        <pose>Unspecified</pose>
        <truncated>0</truncated>
        <difficult>0</difficult>
        <bndbox>
                <xmin>106</xmin>
                <ymin>32</ymin>
                <xmax>124</xmax>
                <ymax>112</ymax>
            </bndbox>
        </object>
    <object>
        <name>L</name>
        <pose>Unspecified</pose>
        <truncated>0</truncated>
        <difficult>0</difficult>
        <bndbox>
                <xmin>129</xmin>
                <ymin>34</ymin>
                <xmax>147</xmax>
                <ymax>113</ymax>
            </bndbox>
        </object>
    <object>
        <name>B</name>
        <pose>Unspecified</pose>
        <truncated>0</truncated>
        <difficult>0</difficult>
        <bndbox>
                <xmin>150</xmin>
                <ymin>43</ymin>
                <xmax>167</xmax>
                <ymax>113</ymax>
            </bndbox>
        </object>
    </annotation>
