<annotation>
    <folder>From-Labelbox-license-characters-593images</folder>
    <filename>ckie4k0iq0042246amcbaqr5e.jpeg</filename>
    <path>/home/riotu/Object Detection/Datasets/Car-detection/License-characters/From-Labelbox-license-characters-593images/ckie4k0iq0042246amcbaqr5e.jpeg</path>
    <source>
        <database>Unknown</database>
    </source>
    <size>
        <width>436</width>
        <height>218</height>
        <depth>3</depth>
    </size>
    <segmented>0</segmented>
    <object>
        <name>2</name>
        <pose>Unspecified</pose>
        <truncated>0</truncated>
        <difficult>0</difficult>
        <bndbox>
                <xmin>36</xmin>
                <ymin>32</ymin>
                <xmax>77</xmax>
                <ymax>205</ymax>
            </bndbox>
        </object>
    <object>
        <name>1</name>
        <pose>Unspecified</pose>
        <truncated>0</truncated>
        <difficult>0</difficult>
        <bndbox>
                <xmin>85</xmin>
                <ymin>31</ymin>
                <xmax>113</xmax>
                <ymax>205</ymax>
            </bndbox>
        </object>
    <object>
        <name>8</name>
        <pose>Unspecified</pose>
        <truncated>0</truncated>
        <difficult>0</difficult>
        <bndbox>
                <xmin>126</xmin>
                <ymin>26</ymin>
                <xmax>162</xmax>
                <ymax>202</ymax>
            </bndbox>
        </object>
    <object>
        <name>9</name>
        <pose>Unspecified</pose>
        <truncated>0</truncated>
        <difficult>0</difficult>
        <bndbox>
                <xmin>170</xmin>
                <ymin>28</ymin>
                <xmax>207</xmax>
                <ymax>200</ymax>
            </bndbox>
        </object>
    <object>
        <name>J</name>
        <pose>Unspecified</pose>
        <truncated>0</truncated>
        <difficult>0</difficult>
        <bndbox>
                <xmin>242</xmin>
                <ymin>38</ymin>
                <xmax>277</xmax>
                <ymax>186</ymax>
            </bndbox>
        </object>
    <object>
        <name>A</name>
        <pose>Unspecified</pose>
        <truncated>0</truncated>
        <difficult>0</difficult>
        <bndbox>
                <xmin>288</xmin>
                <ymin>38</ymin>
                <xmax>321</xmax>
                <ymax>186</ymax>
            </bndbox>
        </object>
    <object>
        <name>D</name>
        <pose>Unspecified</pose>
        <truncated>0</truncated>
        <difficult>0</difficult>
        <bndbox>
                <xmin>331</xmin>
                <ymin>48</ymin>
                <xmax>363</xmax>
                <ymax>185</ymax>
            </bndbox>
        </object>
    </annotation>
