<annotation>
    <folder>From-Labelbox-license-characters-593images</folder>
    <filename>ckie682lr0056246a2w2lh44n.jpeg</filename>
    <path>/home/riotu/Object Detection/Datasets/Car-detection/License-characters/From-Labelbox-license-characters-593images/ckie682lr0056246a2w2lh44n.jpeg</path>
    <source>
        <database>Unknown</database>
    </source>
    <size>
        <width>398</width>
        <height>209</height>
        <depth>3</depth>
    </size>
    <segmented>0</segmented>
    <object>
        <name>3</name>
        <pose>Unspecified</pose>
        <truncated>0</truncated>
        <difficult>0</difficult>
        <bndbox>
                <xmin>30</xmin>
                <ymin>22</ymin>
                <xmax>65</xmax>
                <ymax>187</ymax>
            </bndbox>
        </object>
    <object>
        <name>7</name>
        <pose>Unspecified</pose>
        <truncated>0</truncated>
        <difficult>0</difficult>
        <bndbox>
                <xmin>72</xmin>
                <ymin>22</ymin>
                <xmax>108</xmax>
                <ymax>186</ymax>
            </bndbox>
        </object>
    <object>
        <name>2</name>
        <pose>Unspecified</pose>
        <truncated>0</truncated>
        <difficult>0</difficult>
        <bndbox>
                <xmin>120</xmin>
                <ymin>24</ymin>
                <xmax>158</xmax>
                <ymax>196</ymax>
            </bndbox>
        </object>
    <object>
        <name>8</name>
        <pose>Unspecified</pose>
        <truncated>0</truncated>
        <difficult>0</difficult>
        <bndbox>
                <xmin>162</xmin>
                <ymin>22</ymin>
                <xmax>196</xmax>
                <ymax>190</ymax>
            </bndbox>
        </object>
    <object>
        <name>G</name>
        <pose>Unspecified</pose>
        <truncated>0</truncated>
        <difficult>0</difficult>
        <bndbox>
                <xmin>221</xmin>
                <ymin>40</ymin>
                <xmax>254</xmax>
                <ymax>179</ymax>
            </bndbox>
        </object>
    <object>
        <name>K</name>
        <pose>Unspecified</pose>
        <truncated>0</truncated>
        <difficult>0</difficult>
        <bndbox>
                <xmin>263</xmin>
                <ymin>41</ymin>
                <xmax>295</xmax>
                <ymax>180</ymax>
            </bndbox>
        </object>
    <object>
        <name>J</name>
        <pose>Unspecified</pose>
        <truncated>0</truncated>
        <difficult>0</difficult>
        <bndbox>
                <xmin>305</xmin>
                <ymin>40</ymin>
                <xmax>337</xmax>
                <ymax>180</ymax>
            </bndbox>
        </object>
    </annotation>
