<annotation>
    <folder>From-Labelbox-license-characters-593images</folder>
    <filename>ckie4wzkm004a246aj3hwbdmo.jpeg</filename>
    <path>/home/riotu/Object Detection/Datasets/Car-detection/License-characters/From-Labelbox-license-characters-593images/ckie4wzkm004a246aj3hwbdmo.jpeg</path>
    <source>
        <database>Unknown</database>
    </source>
    <size>
        <width>457</width>
        <height>219</height>
        <depth>3</depth>
    </size>
    <segmented>0</segmented>
    <object>
        <name>9</name>
        <pose>Unspecified</pose>
        <truncated>0</truncated>
        <difficult>0</difficult>
        <bndbox>
                <xmin>32</xmin>
                <ymin>19</ymin>
                <xmax>76</xmax>
                <ymax>203</ymax>
            </bndbox>
        </object>
    <object>
        <name>0</name>
        <pose>Unspecified</pose>
        <truncated>0</truncated>
        <difficult>0</difficult>
        <bndbox>
                <xmin>83</xmin>
                <ymin>50</ymin>
                <xmax>124</xmax>
                <ymax>201</ymax>
            </bndbox>
        </object>
    <object>
        <name>6</name>
        <pose>Unspecified</pose>
        <truncated>0</truncated>
        <difficult>0</difficult>
        <bndbox>
                <xmin>130</xmin>
                <ymin>17</ymin>
                <xmax>173</xmax>
                <ymax>200</ymax>
            </bndbox>
        </object>
    <object>
        <name>1</name>
        <pose>Unspecified</pose>
        <truncated>0</truncated>
        <difficult>0</difficult>
        <bndbox>
                <xmin>182</xmin>
                <ymin>17</ymin>
                <xmax>211</xmax>
                <ymax>198</ymax>
            </bndbox>
        </object>
    <object>
        <name>S</name>
        <pose>Unspecified</pose>
        <truncated>0</truncated>
        <difficult>0</difficult>
        <bndbox>
                <xmin>258</xmin>
                <ymin>42</ymin>
                <xmax>294</xmax>
                <ymax>187</ymax>
            </bndbox>
        </object>
    <object>
        <name>K</name>
        <pose>Unspecified</pose>
        <truncated>0</truncated>
        <difficult>0</difficult>
        <bndbox>
                <xmin>305</xmin>
                <ymin>29</ymin>
                <xmax>341</xmax>
                <ymax>185</ymax>
            </bndbox>
        </object>
    <object>
        <name>D</name>
        <pose>Unspecified</pose>
        <truncated>0</truncated>
        <difficult>0</difficult>
        <bndbox>
                <xmin>353</xmin>
                <ymin>41</ymin>
                <xmax>387</xmax>
                <ymax>186</ymax>
            </bndbox>
        </object>
    </annotation>
