<annotation>
    <folder>From-Labelbox-license-characters-593images</folder>
    <filename>ckie54vdv004g246a67dnzyc1.jpeg</filename>
    <path>/home/riotu/Object Detection/Datasets/Car-detection/License-characters/From-Labelbox-license-characters-593images/ckie54vdv004g246a67dnzyc1.jpeg</path>
    <source>
        <database>Unknown</database>
    </source>
    <size>
        <width>436</width>
        <height>220</height>
        <depth>3</depth>
    </size>
    <segmented>0</segmented>
    <object>
        <name>3</name>
        <pose>Unspecified</pose>
        <truncated>0</truncated>
        <difficult>0</difficult>
        <bndbox>
                <xmin>40</xmin>
                <ymin>27</ymin>
                <xmax>80</xmax>
                <ymax>202</ymax>
            </bndbox>
        </object>
    <object>
        <name>4</name>
        <pose>Unspecified</pose>
        <truncated>0</truncated>
        <difficult>0</difficult>
        <bndbox>
                <xmin>84</xmin>
                <ymin>26</ymin>
                <xmax>123</xmax>
                <ymax>203</ymax>
            </bndbox>
        </object>
    <object>
        <name>6</name>
        <pose>Unspecified</pose>
        <truncated>0</truncated>
        <difficult>0</difficult>
        <bndbox>
                <xmin>127</xmin>
                <ymin>25</ymin>
                <xmax>167</xmax>
                <ymax>200</ymax>
            </bndbox>
        </object>
    <object>
        <name>1</name>
        <pose>Unspecified</pose>
        <truncated>0</truncated>
        <difficult>0</difficult>
        <bndbox>
                <xmin>178</xmin>
                <ymin>24</ymin>
                <xmax>206</xmax>
                <ymax>201</ymax>
            </bndbox>
        </object>
    <object>
        <name>G</name>
        <pose>Unspecified</pose>
        <truncated>0</truncated>
        <difficult>0</difficult>
        <bndbox>
                <xmin>245</xmin>
                <ymin>39</ymin>
                <xmax>282</xmax>
                <ymax>185</ymax>
            </bndbox>
        </object>
    <object>
        <name>Z</name>
        <pose>Unspecified</pose>
        <truncated>0</truncated>
        <difficult>0</difficult>
        <bndbox>
                <xmin>290</xmin>
                <ymin>36</ymin>
                <xmax>321</xmax>
                <ymax>186</ymax>
            </bndbox>
        </object>
    <object>
        <name>J</name>
        <pose>Unspecified</pose>
        <truncated>0</truncated>
        <difficult>0</difficult>
        <bndbox>
                <xmin>333</xmin>
                <ymin>37</ymin>
                <xmax>368</xmax>
                <ymax>186</ymax>
            </bndbox>
        </object>
    </annotation>
