<annotation>
    <folder>From-Labelbox-license-characters-593images</folder>
    <filename>ckie6fbag005c246a4fke3uzf.jpeg</filename>
    <path>/home/riotu/Object Detection/Datasets/Car-detection/License-characters/From-Labelbox-license-characters-593images/ckie6fbag005c246a4fke3uzf.jpeg</path>
    <source>
        <database>Unknown</database>
    </source>
    <size>
        <width>377</width>
        <height>210</height>
        <depth>3</depth>
    </size>
    <segmented>0</segmented>
    <object>
        <name>2</name>
        <pose>Unspecified</pose>
        <truncated>0</truncated>
        <difficult>0</difficult>
        <bndbox>
                <xmin>22</xmin>
                <ymin>37</ymin>
                <xmax>60</xmax>
                <ymax>194</ymax>
            </bndbox>
        </object>
    <object>
        <name>4</name>
        <pose>Unspecified</pose>
        <truncated>0</truncated>
        <difficult>0</difficult>
        <bndbox>
                <xmin>64</xmin>
                <ymin>35</ymin>
                <xmax>99</xmax>
                <ymax>190</ymax>
            </bndbox>
        </object>
    <object>
        <name>7</name>
        <pose>Unspecified</pose>
        <truncated>0</truncated>
        <difficult>0</difficult>
        <bndbox>
                <xmin>104</xmin>
                <ymin>31</ymin>
                <xmax>136</xmax>
                <ymax>188</ymax>
            </bndbox>
        </object>
    <object>
        <name>4</name>
        <pose>Unspecified</pose>
        <truncated>0</truncated>
        <difficult>0</difficult>
        <bndbox>
                <xmin>144</xmin>
                <ymin>29</ymin>
                <xmax>178</xmax>
                <ymax>184</ymax>
            </bndbox>
        </object>
    <object>
        <name>B</name>
        <pose>Unspecified</pose>
        <truncated>0</truncated>
        <difficult>0</difficult>
        <bndbox>
                <xmin>199</xmin>
                <ymin>51</ymin>
                <xmax>230</xmax>
                <ymax>167</ymax>
            </bndbox>
        </object>
    <object>
        <name>L</name>
        <pose>Unspecified</pose>
        <truncated>0</truncated>
        <difficult>0</difficult>
        <bndbox>
                <xmin>236</xmin>
                <ymin>35</ymin>
                <xmax>268</xmax>
                <ymax>166</ymax>
            </bndbox>
        </object>
    <object>
        <name>B</name>
        <pose>Unspecified</pose>
        <truncated>0</truncated>
        <difficult>0</difficult>
        <bndbox>
                <xmin>276</xmin>
                <ymin>47</ymin>
                <xmax>306</xmax>
                <ymax>163</ymax>
            </bndbox>
        </object>
    </annotation>
