<annotation>
    <folder>From-Labelbox-license-characters-593images</folder>
    <filename>ckie4p8es0045246amn85d72i.jpeg</filename>
    <path>/home/riotu/Object Detection/Datasets/Car-detection/License-characters/From-Labelbox-license-characters-593images/ckie4p8es0045246amn85d72i.jpeg</path>
    <source>
        <database>Unknown</database>
    </source>
    <size>
        <width>528</width>
        <height>286</height>
        <depth>3</depth>
    </size>
    <segmented>0</segmented>
    <object>
        <name>7</name>
        <pose>Unspecified</pose>
        <truncated>0</truncated>
        <difficult>0</difficult>
        <bndbox>
                <xmin>45</xmin>
                <ymin>46</ymin>
                <xmax>89</xmax>
                <ymax>267</ymax>
            </bndbox>
        </object>
    <object>
        <name>6</name>
        <pose>Unspecified</pose>
        <truncated>0</truncated>
        <difficult>0</difficult>
        <bndbox>
                <xmin>97</xmin>
                <ymin>44</ymin>
                <xmax>147</xmax>
                <ymax>262</ymax>
            </bndbox>
        </object>
    <object>
        <name>7</name>
        <pose>Unspecified</pose>
        <truncated>0</truncated>
        <difficult>0</difficult>
        <bndbox>
                <xmin>154</xmin>
                <ymin>42</ymin>
                <xmax>198</xmax>
                <ymax>261</ymax>
            </bndbox>
        </object>
    <object>
        <name>9</name>
        <pose>Unspecified</pose>
        <truncated>0</truncated>
        <difficult>0</difficult>
        <bndbox>
                <xmin>209</xmin>
                <ymin>40</ymin>
                <xmax>257</xmax>
                <ymax>256</ymax>
            </bndbox>
        </object>
    <object>
        <name>Z</name>
        <pose>Unspecified</pose>
        <truncated>0</truncated>
        <difficult>0</difficult>
        <bndbox>
                <xmin>301</xmin>
                <ymin>55</ymin>
                <xmax>339</xmax>
                <ymax>240</ymax>
            </bndbox>
        </object>
    <object>
        <name>T</name>
        <pose>Unspecified</pose>
        <truncated>0</truncated>
        <difficult>0</difficult>
        <bndbox>
                <xmin>353</xmin>
                <ymin>57</ymin>
                <xmax>391</xmax>
                <ymax>239</ymax>
            </bndbox>
        </object>
    <object>
        <name>J</name>
        <pose>Unspecified</pose>
        <truncated>0</truncated>
        <difficult>0</difficult>
        <bndbox>
                <xmin>406</xmin>
                <ymin>53</ymin>
                <xmax>448</xmax>
                <ymax>237</ymax>
            </bndbox>
        </object>
    </annotation>
