<annotation>
    <folder>From-Labelbox-license-characters-593images</folder>
    <filename>ckie4dx82003y246ar3y84z7c.jpeg</filename>
    <path>/home/riotu/Object Detection/Datasets/Car-detection/License-characters/From-Labelbox-license-characters-593images/ckie4dx82003y246ar3y84z7c.jpeg</path>
    <source>
        <database>Unknown</database>
    </source>
    <size>
        <width>414</width>
        <height>143</height>
        <depth>3</depth>
    </size>
    <segmented>0</segmented>
    <object>
        <name>5</name>
        <pose>Unspecified</pose>
        <truncated>0</truncated>
        <difficult>0</difficult>
        <bndbox>
                <xmin>17</xmin>
                <ymin>13</ymin>
                <xmax>57</xmax>
                <ymax>126</ymax>
            </bndbox>
        </object>
    <object>
        <name>7</name>
        <pose>Unspecified</pose>
        <truncated>0</truncated>
        <difficult>0</difficult>
        <bndbox>
                <xmin>61</xmin>
                <ymin>3</ymin>
                <xmax>98</xmax>
                <ymax>127</ymax>
            </bndbox>
        </object>
    <object>
        <name>9</name>
        <pose>Unspecified</pose>
        <truncated>0</truncated>
        <difficult>0</difficult>
        <bndbox>
                <xmin>103</xmin>
                <ymin>4</ymin>
                <xmax>144</xmax>
                <ymax>127</ymax>
            </bndbox>
        </object>
    <object>
        <name>0</name>
        <pose>Unspecified</pose>
        <truncated>0</truncated>
        <difficult>0</difficult>
        <bndbox>
                <xmin>149</xmin>
                <ymin>25</ymin>
                <xmax>188</xmax>
                <ymax>129</ymax>
            </bndbox>
        </object>
    <object>
        <name>S</name>
        <pose>Unspecified</pose>
        <truncated>0</truncated>
        <difficult>0</difficult>
        <bndbox>
                <xmin>208</xmin>
                <ymin>21</ymin>
                <xmax>245</xmax>
                <ymax>121</ymax>
            </bndbox>
        </object>
    <object>
        <name>T</name>
        <pose>Unspecified</pose>
        <truncated>0</truncated>
        <difficult>0</difficult>
        <bndbox>
                <xmin>252</xmin>
                <ymin>15</ymin>
                <xmax>285</xmax>
                <ymax>122</ymax>
            </bndbox>
        </object>
    <object>
        <name>A</name>
        <pose>Unspecified</pose>
        <truncated>0</truncated>
        <difficult>0</difficult>
        <bndbox>
                <xmin>301</xmin>
                <ymin>16</ymin>
                <xmax>331</xmax>
                <ymax>123</ymax>
            </bndbox>
        </object>
    </annotation>
