<annotation>
    <folder>From-Labelbox-license-characters-593images</folder>
    <filename>ckie6y8oy005l246ar2qkfzma.jpeg</filename>
    <path>/home/riotu/Object Detection/Datasets/Car-detection/License-characters/From-Labelbox-license-characters-593images/ckie6y8oy005l246ar2qkfzma.jpeg</path>
    <source>
        <database>Unknown</database>
    </source>
    <size>
        <width>323</width>
        <height>172</height>
        <depth>3</depth>
    </size>
    <segmented>0</segmented>
    <object>
        <name>3</name>
        <pose>Unspecified</pose>
        <truncated>0</truncated>
        <difficult>0</difficult>
        <bndbox>
                <xmin>28</xmin>
                <ymin>23</ymin>
                <xmax>61</xmax>
                <ymax>149</ymax>
            </bndbox>
        </object>
    <object>
        <name>5</name>
        <pose>Unspecified</pose>
        <truncated>0</truncated>
        <difficult>0</difficult>
        <bndbox>
                <xmin>61</xmin>
                <ymin>34</ymin>
                <xmax>91</xmax>
                <ymax>150</ymax>
            </bndbox>
        </object>
    <object>
        <name>6</name>
        <pose>Unspecified</pose>
        <truncated>0</truncated>
        <difficult>0</difficult>
        <bndbox>
                <xmin>94</xmin>
                <ymin>24</ymin>
                <xmax>122</xmax>
                <ymax>150</ymax>
            </bndbox>
        </object>
    <object>
        <name>4</name>
        <pose>Unspecified</pose>
        <truncated>0</truncated>
        <difficult>0</difficult>
        <bndbox>
                <xmin>128</xmin>
                <ymin>23</ymin>
                <xmax>156</xmax>
                <ymax>151</ymax>
            </bndbox>
        </object>
    <object>
        <name>J</name>
        <pose>Unspecified</pose>
        <truncated>0</truncated>
        <difficult>0</difficult>
        <bndbox>
                <xmin>178</xmin>
                <ymin>34</ymin>
                <xmax>204</xmax>
                <ymax>143</ymax>
            </bndbox>
        </object>
    <object>
        <name>R</name>
        <pose>Unspecified</pose>
        <truncated>0</truncated>
        <difficult>0</difficult>
        <bndbox>
                <xmin>211</xmin>
                <ymin>45</ymin>
                <xmax>237</xmax>
                <ymax>145</ymax>
            </bndbox>
        </object>
    <object>
        <name>J</name>
        <pose>Unspecified</pose>
        <truncated>0</truncated>
        <difficult>0</difficult>
        <bndbox>
                <xmin>243</xmin>
                <ymin>37</ymin>
                <xmax>270</xmax>
                <ymax>145</ymax>
            </bndbox>
        </object>
    </annotation>
