<annotation>
    <folder>From-Labelbox-license-characters-593images</folder>
    <filename>ckie5y4ut004z246a7m632dsg.jpeg</filename>
    <path>/home/riotu/Object Detection/Datasets/Car-detection/License-characters/From-Labelbox-license-characters-593images/ckie5y4ut004z246a7m632dsg.jpeg</path>
    <source>
        <database>Unknown</database>
    </source>
    <size>
        <width>345</width>
        <height>182</height>
        <depth>3</depth>
    </size>
    <segmented>0</segmented>
    <object>
        <name>7</name>
        <pose>Unspecified</pose>
        <truncated>0</truncated>
        <difficult>0</difficult>
        <bndbox>
                <xmin>21</xmin>
                <ymin>20</ymin>
                <xmax>50</xmax>
                <ymax>160</ymax>
            </bndbox>
        </object>
    <object>
        <name>1</name>
        <pose>Unspecified</pose>
        <truncated>0</truncated>
        <difficult>0</difficult>
        <bndbox>
                <xmin>64</xmin>
                <ymin>19</ymin>
                <xmax>86</xmax>
                <ymax>161</ymax>
            </bndbox>
        </object>
    <object>
        <name>4</name>
        <pose>Unspecified</pose>
        <truncated>0</truncated>
        <difficult>0</difficult>
        <bndbox>
                <xmin>94</xmin>
                <ymin>20</ymin>
                <xmax>124</xmax>
                <ymax>163</ymax>
            </bndbox>
        </object>
    <object>
        <name>7</name>
        <pose>Unspecified</pose>
        <truncated>0</truncated>
        <difficult>0</difficult>
        <bndbox>
                <xmin>131</xmin>
                <ymin>22</ymin>
                <xmax>161</xmax>
                <ymax>161</ymax>
            </bndbox>
        </object>
    <object>
        <name>V</name>
        <pose>Unspecified</pose>
        <truncated>0</truncated>
        <difficult>0</difficult>
        <bndbox>
                <xmin>183</xmin>
                <ymin>34</ymin>
                <xmax>212</xmax>
                <ymax>153</ymax>
            </bndbox>
        </object>
    <object>
        <name>X</name>
        <pose>Unspecified</pose>
        <truncated>0</truncated>
        <difficult>0</difficult>
        <bndbox>
                <xmin>222</xmin>
                <ymin>42</ymin>
                <xmax>249</xmax>
                <ymax>154</ymax>
            </bndbox>
        </object>
    <object>
        <name>A</name>
        <pose>Unspecified</pose>
        <truncated>0</truncated>
        <difficult>0</difficult>
        <bndbox>
                <xmin>257</xmin>
                <ymin>35</ymin>
                <xmax>280</xmax>
                <ymax>155</ymax>
            </bndbox>
        </object>
    </annotation>
