<annotation>
    <folder>From-Labelbox-license-characters-593images</folder>
    <filename>ckie7gksk005z246akdmzu66p.jpeg</filename>
    <path>/home/riotu/Object Detection/Datasets/Car-detection/License-characters/From-Labelbox-license-characters-593images/ckie7gksk005z246akdmzu66p.jpeg</path>
    <source>
        <database>Unknown</database>
    </source>
    <size>
        <width>351</width>
        <height>179</height>
        <depth>3</depth>
    </size>
    <segmented>0</segmented>
    <object>
        <name>9</name>
        <pose>Unspecified</pose>
        <truncated>0</truncated>
        <difficult>0</difficult>
        <bndbox>
                <xmin>29</xmin>
                <ymin>23</ymin>
                <xmax>63</xmax>
                <ymax>154</ymax>
            </bndbox>
        </object>
    <object>
        <name>7</name>
        <pose>Unspecified</pose>
        <truncated>0</truncated>
        <difficult>0</difficult>
        <bndbox>
                <xmin>68</xmin>
                <ymin>21</ymin>
                <xmax>101</xmax>
                <ymax>155</ymax>
            </bndbox>
        </object>
    <object>
        <name>7</name>
        <pose>Unspecified</pose>
        <truncated>0</truncated>
        <difficult>0</difficult>
        <bndbox>
                <xmin>103</xmin>
                <ymin>26</ymin>
                <xmax>138</xmax>
                <ymax>158</ymax>
            </bndbox>
        </object>
    <object>
        <name>8</name>
        <pose>Unspecified</pose>
        <truncated>0</truncated>
        <difficult>0</difficult>
        <bndbox>
                <xmin>142</xmin>
                <ymin>27</ymin>
                <xmax>175</xmax>
                <ymax>159</ymax>
            </bndbox>
        </object>
    <object>
        <name>R</name>
        <pose>Unspecified</pose>
        <truncated>0</truncated>
        <difficult>0</difficult>
        <bndbox>
                <xmin>195</xmin>
                <ymin>50</ymin>
                <xmax>226</xmax>
                <ymax>153</ymax>
            </bndbox>
        </object>
    <object>
        <name>D</name>
        <pose>Unspecified</pose>
        <truncated>0</truncated>
        <difficult>0</difficult>
        <bndbox>
                <xmin>232</xmin>
                <ymin>48</ymin>
                <xmax>260</xmax>
                <ymax>155</ymax>
            </bndbox>
        </object>
    <object>
        <name>J</name>
        <pose>Unspecified</pose>
        <truncated>0</truncated>
        <difficult>0</difficult>
        <bndbox>
                <xmin>270</xmin>
                <ymin>41</ymin>
                <xmax>300</xmax>
                <ymax>155</ymax>
            </bndbox>
        </object>
    </annotation>
