<annotation>
    <folder>From-Labelbox-license-characters-593images</folder>
    <filename>ckie3ycgq003r246abj3yg0u8.jpeg</filename>
    <path>/home/riotu/Object Detection/Datasets/Car-detection/License-characters/From-Labelbox-license-characters-593images/ckie3ycgq003r246abj3yg0u8.jpeg</path>
    <source>
        <database>Unknown</database>
    </source>
    <size>
        <width>497</width>
        <height>257</height>
        <depth>3</depth>
    </size>
    <segmented>0</segmented>
    <object>
        <name>1</name>
        <pose>Unspecified</pose>
        <truncated>0</truncated>
        <difficult>0</difficult>
        <bndbox>
                <xmin>33</xmin>
                <ymin>27</ymin>
                <xmax>66</xmax>
                <ymax>234</ymax>
            </bndbox>
        </object>
    <object>
        <name>0</name>
        <pose>Unspecified</pose>
        <truncated>0</truncated>
        <difficult>0</difficult>
        <bndbox>
                <xmin>79</xmin>
                <ymin>62</ymin>
                <xmax>125</xmax>
                <ymax>235</ymax>
            </bndbox>
        </object>
    <object>
        <name>9</name>
        <pose>Unspecified</pose>
        <truncated>0</truncated>
        <difficult>0</difficult>
        <bndbox>
                <xmin>134</xmin>
                <ymin>28</ymin>
                <xmax>176</xmax>
                <ymax>233</ymax>
            </bndbox>
        </object>
    <object>
        <name>6</name>
        <pose>Unspecified</pose>
        <truncated>0</truncated>
        <difficult>0</difficult>
        <bndbox>
                <xmin>185</xmin>
                <ymin>26</ymin>
                <xmax>232</xmax>
                <ymax>231</ymax>
            </bndbox>
        </object>
    <object>
        <name>K</name>
        <pose>Unspecified</pose>
        <truncated>0</truncated>
        <difficult>0</difficult>
        <bndbox>
                <xmin>256</xmin>
                <ymin>40</ymin>
                <xmax>299</xmax>
                <ymax>216</ymax>
            </bndbox>
        </object>
    <object>
        <name>L</name>
        <pose>Unspecified</pose>
        <truncated>0</truncated>
        <difficult>0</difficult>
        <bndbox>
                <xmin>311</xmin>
                <ymin>40</ymin>
                <xmax>349</xmax>
                <ymax>214</ymax>
            </bndbox>
        </object>
    <object>
        <name>B</name>
        <pose>Unspecified</pose>
        <truncated>0</truncated>
        <difficult>0</difficult>
        <bndbox>
                <xmin>366</xmin>
                <ymin>58</ymin>
                <xmax>405</xmax>
                <ymax>214</ymax>
            </bndbox>
        </object>
    </annotation>
