<annotation>
    <folder>From-Labelbox-license-characters-593images</folder>
    <filename>ckie6d4gv005a246a79yit4d2.jpeg</filename>
    <path>/home/riotu/Object Detection/Datasets/Car-detection/License-characters/From-Labelbox-license-characters-593images/ckie6d4gv005a246a79yit4d2.jpeg</path>
    <source>
        <database>Unknown</database>
    </source>
    <size>
        <width>267</width>
        <height>137</height>
        <depth>3</depth>
    </size>
    <segmented>0</segmented>
    <object>
        <name>3</name>
        <pose>Unspecified</pose>
        <truncated>0</truncated>
        <difficult>0</difficult>
        <bndbox>
                <xmin>16</xmin>
                <ymin>11</ymin>
                <xmax>41</xmax>
                <ymax>118</ymax>
            </bndbox>
        </object>
    <object>
        <name>2</name>
        <pose>Unspecified</pose>
        <truncated>0</truncated>
        <difficult>0</difficult>
        <bndbox>
                <xmin>43</xmin>
                <ymin>11</ymin>
                <xmax>66</xmax>
                <ymax>119</ymax>
            </bndbox>
        </object>
    <object>
        <name>6</name>
        <pose>Unspecified</pose>
        <truncated>0</truncated>
        <difficult>0</difficult>
        <bndbox>
                <xmin>71</xmin>
                <ymin>11</ymin>
                <xmax>94</xmax>
                <ymax>120</ymax>
            </bndbox>
        </object>
    <object>
        <name>4</name>
        <pose>Unspecified</pose>
        <truncated>0</truncated>
        <difficult>0</difficult>
        <bndbox>
                <xmin>99</xmin>
                <ymin>12</ymin>
                <xmax>121</xmax>
                <ymax>119</ymax>
            </bndbox>
        </object>
    <object>
        <name>S</name>
        <pose>Unspecified</pose>
        <truncated>0</truncated>
        <difficult>0</difficult>
        <bndbox>
                <xmin>136</xmin>
                <ymin>29</ymin>
                <xmax>158</xmax>
                <ymax>113</ymax>
            </bndbox>
        </object>
    <object>
        <name>T</name>
        <pose>Unspecified</pose>
        <truncated>0</truncated>
        <difficult>0</difficult>
        <bndbox>
                <xmin>164</xmin>
                <ymin>21</ymin>
                <xmax>183</xmax>
                <ymax>112</ymax>
            </bndbox>
        </object>
    <object>
        <name>A</name>
        <pose>Unspecified</pose>
        <truncated>0</truncated>
        <difficult>0</difficult>
        <bndbox>
                <xmin>191</xmin>
                <ymin>21</ymin>
                <xmax>209</xmax>
                <ymax>114</ymax>
            </bndbox>
        </object>
    </annotation>
