<annotation>
    <folder>From-Labelbox-license-characters-593images</folder>
    <filename>ckie74ckj005q246arhyx3okr.jpeg</filename>
    <path>/home/riotu/Object Detection/Datasets/Car-detection/License-characters/From-Labelbox-license-characters-593images/ckie74ckj005q246arhyx3okr.jpeg</path>
    <source>
        <database>Unknown</database>
    </source>
    <size>
        <width>394</width>
        <height>201</height>
        <depth>3</depth>
    </size>
    <segmented>0</segmented>
    <object>
        <name>7</name>
        <pose>Unspecified</pose>
        <truncated>0</truncated>
        <difficult>0</difficult>
        <bndbox>
                <xmin>30</xmin>
                <ymin>22</ymin>
                <xmax>69</xmax>
                <ymax>186</ymax>
            </bndbox>
        </object>
    <object>
        <name>3</name>
        <pose>Unspecified</pose>
        <truncated>0</truncated>
        <difficult>0</difficult>
        <bndbox>
                <xmin>70</xmin>
                <ymin>22</ymin>
                <xmax>115</xmax>
                <ymax>186</ymax>
            </bndbox>
        </object>
    <object>
        <name>7</name>
        <pose>Unspecified</pose>
        <truncated>0</truncated>
        <difficult>0</difficult>
        <bndbox>
                <xmin>114</xmin>
                <ymin>21</ymin>
                <xmax>154</xmax>
                <ymax>185</ymax>
            </bndbox>
        </object>
    <object>
        <name>5</name>
        <pose>Unspecified</pose>
        <truncated>0</truncated>
        <difficult>0</difficult>
        <bndbox>
                <xmin>159</xmin>
                <ymin>32</ymin>
                <xmax>196</xmax>
                <ymax>184</ymax>
            </bndbox>
        </object>
    <object>
        <name>T</name>
        <pose>Unspecified</pose>
        <truncated>0</truncated>
        <difficult>0</difficult>
        <bndbox>
                <xmin>218</xmin>
                <ymin>35</ymin>
                <xmax>253</xmax>
                <ymax>173</ymax>
            </bndbox>
        </object>
    <object>
        <name>R</name>
        <pose>Unspecified</pose>
        <truncated>0</truncated>
        <difficult>0</difficult>
        <bndbox>
                <xmin>259</xmin>
                <ymin>44</ymin>
                <xmax>291</xmax>
                <ymax>174</ymax>
            </bndbox>
        </object>
    <object>
        <name>J</name>
        <pose>Unspecified</pose>
        <truncated>0</truncated>
        <difficult>0</difficult>
        <bndbox>
                <xmin>303</xmin>
                <ymin>35</ymin>
                <xmax>335</xmax>
                <ymax>175</ymax>
            </bndbox>
        </object>
    </annotation>
