<annotation>
    <folder>From-Labelbox-license-characters-593images</folder>
    <filename>ckie76y86005s246aado5d4mn.jpeg</filename>
    <path>/home/riotu/Object Detection/Datasets/Car-detection/License-characters/From-Labelbox-license-characters-593images/ckie76y86005s246aado5d4mn.jpeg</path>
    <source>
        <database>Unknown</database>
    </source>
    <size>
        <width>325</width>
        <height>159</height>
        <depth>3</depth>
    </size>
    <segmented>0</segmented>
    <object>
        <name>9</name>
        <pose>Unspecified</pose>
        <truncated>0</truncated>
        <difficult>0</difficult>
        <bndbox>
                <xmin>22</xmin>
                <ymin>15</ymin>
                <xmax>53</xmax>
                <ymax>148</ymax>
            </bndbox>
        </object>
    <object>
        <name>3</name>
        <pose>Unspecified</pose>
        <truncated>0</truncated>
        <difficult>0</difficult>
        <bndbox>
                <xmin>57</xmin>
                <ymin>14</ymin>
                <xmax>88</xmax>
                <ymax>148</ymax>
            </bndbox>
        </object>
    <object>
        <name>7</name>
        <pose>Unspecified</pose>
        <truncated>0</truncated>
        <difficult>0</difficult>
        <bndbox>
                <xmin>92</xmin>
                <ymin>14</ymin>
                <xmax>120</xmax>
                <ymax>148</ymax>
            </bndbox>
        </object>
    <object>
        <name>8</name>
        <pose>Unspecified</pose>
        <truncated>0</truncated>
        <difficult>0</difficult>
        <bndbox>
                <xmin>126</xmin>
                <ymin>11</ymin>
                <xmax>158</xmax>
                <ymax>148</ymax>
            </bndbox>
        </object>
    <object>
        <name>B</name>
        <pose>Unspecified</pose>
        <truncated>0</truncated>
        <difficult>0</difficult>
        <bndbox>
                <xmin>184</xmin>
                <ymin>34</ymin>
                <xmax>208</xmax>
                <ymax>139</ymax>
            </bndbox>
        </object>
    <object>
        <name>E</name>
        <pose>Unspecified</pose>
        <truncated>0</truncated>
        <difficult>0</difficult>
        <bndbox>
                <xmin>218</xmin>
                <ymin>23</ymin>
                <xmax>243</xmax>
                <ymax>136</ymax>
            </bndbox>
        </object>
    <object>
        <name>J</name>
        <pose>Unspecified</pose>
        <truncated>0</truncated>
        <difficult>0</difficult>
        <bndbox>
                <xmin>251</xmin>
                <ymin>23</ymin>
                <xmax>278</xmax>
                <ymax>136</ymax>
            </bndbox>
        </object>
    </annotation>
