<annotation>
    <folder>From-Labelbox-license-characters-593images</folder>
    <filename>ckie52fpo004e246ahm71p0c7.jpeg</filename>
    <path>/home/riotu/Object Detection/Datasets/Car-detection/License-characters/From-Labelbox-license-characters-593images/ckie52fpo004e246ahm71p0c7.jpeg</path>
    <source>
        <database>Unknown</database>
    </source>
    <size>
        <width>397</width>
        <height>201</height>
        <depth>3</depth>
    </size>
    <segmented>0</segmented>
    <object>
        <name>3</name>
        <pose>Unspecified</pose>
        <truncated>0</truncated>
        <difficult>0</difficult>
        <bndbox>
                <xmin>27</xmin>
                <ymin>29</ymin>
                <xmax>70</xmax>
                <ymax>190</ymax>
            </bndbox>
        </object>
    <object>
        <name>4</name>
        <pose>Unspecified</pose>
        <truncated>0</truncated>
        <difficult>0</difficult>
        <bndbox>
                <xmin>70</xmin>
                <ymin>27</ymin>
                <xmax>105</xmax>
                <ymax>187</ymax>
            </bndbox>
        </object>
    <object>
        <name>6</name>
        <pose>Unspecified</pose>
        <truncated>0</truncated>
        <difficult>0</difficult>
        <bndbox>
                <xmin>113</xmin>
                <ymin>24</ymin>
                <xmax>151</xmax>
                <ymax>185</ymax>
            </bndbox>
        </object>
    <object>
        <name>1</name>
        <pose>Unspecified</pose>
        <truncated>0</truncated>
        <difficult>0</difficult>
        <bndbox>
                <xmin>159</xmin>
                <ymin>24</ymin>
                <xmax>188</xmax>
                <ymax>180</ymax>
            </bndbox>
        </object>
    <object>
        <name>G</name>
        <pose>Unspecified</pose>
        <truncated>0</truncated>
        <difficult>0</difficult>
        <bndbox>
                <xmin>223</xmin>
                <ymin>34</ymin>
                <xmax>261</xmax>
                <ymax>166</ymax>
            </bndbox>
        </object>
    <object>
        <name>Z</name>
        <pose>Unspecified</pose>
        <truncated>0</truncated>
        <difficult>0</difficult>
        <bndbox>
                <xmin>264</xmin>
                <ymin>27</ymin>
                <xmax>298</xmax>
                <ymax>163</ymax>
            </bndbox>
        </object>
    <object>
        <name>J</name>
        <pose>Unspecified</pose>
        <truncated>0</truncated>
        <difficult>0</difficult>
        <bndbox>
                <xmin>306</xmin>
                <ymin>24</ymin>
                <xmax>341</xmax>
                <ymax>161</ymax>
            </bndbox>
        </object>
    </annotation>
