<annotation>
    <folder>From-Labelbox-license-characters-593images</folder>
    <filename>ckie699xa0057246av2srnvmj.jpeg</filename>
    <path>/home/riotu/Object Detection/Datasets/Car-detection/License-characters/From-Labelbox-license-characters-593images/ckie699xa0057246av2srnvmj.jpeg</path>
    <source>
        <database>Unknown</database>
    </source>
    <size>
        <width>307</width>
        <height>160</height>
        <depth>3</depth>
    </size>
    <segmented>0</segmented>
    <object>
        <name>6</name>
        <pose>Unspecified</pose>
        <truncated>0</truncated>
        <difficult>0</difficult>
        <bndbox>
                <xmin>21</xmin>
                <ymin>17</ymin>
                <xmax>53</xmax>
                <ymax>142</ymax>
            </bndbox>
        </object>
    <object>
        <name>6</name>
        <pose>Unspecified</pose>
        <truncated>0</truncated>
        <difficult>0</difficult>
        <bndbox>
                <xmin>55</xmin>
                <ymin>18</ymin>
                <xmax>83</xmax>
                <ymax>142</ymax>
            </bndbox>
        </object>
    <object>
        <name>7</name>
        <pose>Unspecified</pose>
        <truncated>0</truncated>
        <difficult>0</difficult>
        <bndbox>
                <xmin>88</xmin>
                <ymin>17</ymin>
                <xmax>116</xmax>
                <ymax>142</ymax>
            </bndbox>
        </object>
    <object>
        <name>6</name>
        <pose>Unspecified</pose>
        <truncated>0</truncated>
        <difficult>0</difficult>
        <bndbox>
                <xmin>120</xmin>
                <ymin>16</ymin>
                <xmax>150</xmax>
                <ymax>142</ymax>
            </bndbox>
        </object>
    <object>
        <name>V</name>
        <pose>Unspecified</pose>
        <truncated>0</truncated>
        <difficult>0</difficult>
        <bndbox>
                <xmin>168</xmin>
                <ymin>27</ymin>
                <xmax>192</xmax>
                <ymax>132</ymax>
            </bndbox>
        </object>
    <object>
        <name>Z</name>
        <pose>Unspecified</pose>
        <truncated>0</truncated>
        <difficult>0</difficult>
        <bndbox>
                <xmin>202</xmin>
                <ymin>27</ymin>
                <xmax>225</xmax>
                <ymax>133</ymax>
            </bndbox>
        </object>
    <object>
        <name>J</name>
        <pose>Unspecified</pose>
        <truncated>0</truncated>
        <difficult>0</difficult>
        <bndbox>
                <xmin>232</xmin>
                <ymin>27</ymin>
                <xmax>258</xmax>
                <ymax>134</ymax>
            </bndbox>
        </object>
    </annotation>
