<annotation>
    <folder>From-Labelbox-license-characters-593images</folder>
    <filename>ckie4vcug0049246asf22coon.jpeg</filename>
    <path>/home/riotu/Object Detection/Datasets/Car-detection/License-characters/From-Labelbox-license-characters-593images/ckie4vcug0049246asf22coon.jpeg</path>
    <source>
        <database>Unknown</database>
    </source>
    <size>
        <width>442</width>
        <height>203</height>
        <depth>3</depth>
    </size>
    <segmented>0</segmented>
    <object>
        <name>2</name>
        <pose>Unspecified</pose>
        <truncated>0</truncated>
        <difficult>0</difficult>
        <bndbox>
                <xmin>36</xmin>
                <ymin>16</ymin>
                <xmax>76</xmax>
                <ymax>185</ymax>
            </bndbox>
        </object>
    <object>
        <name>5</name>
        <pose>Unspecified</pose>
        <truncated>0</truncated>
        <difficult>0</difficult>
        <bndbox>
                <xmin>82</xmin>
                <ymin>30</ymin>
                <xmax>121</xmax>
                <ymax>182</ymax>
            </bndbox>
        </object>
    <object>
        <name>6</name>
        <pose>Unspecified</pose>
        <truncated>0</truncated>
        <difficult>0</difficult>
        <bndbox>
                <xmin>127</xmin>
                <ymin>18</ymin>
                <xmax>167</xmax>
                <ymax>183</ymax>
            </bndbox>
        </object>
    <object>
        <name>6</name>
        <pose>Unspecified</pose>
        <truncated>0</truncated>
        <difficult>0</difficult>
        <bndbox>
                <xmin>174</xmin>
                <ymin>19</ymin>
                <xmax>213</xmax>
                <ymax>183</ymax>
            </bndbox>
        </object>
    <object>
        <name>H</name>
        <pose>Unspecified</pose>
        <truncated>0</truncated>
        <difficult>0</difficult>
        <bndbox>
                <xmin>246</xmin>
                <ymin>42</ymin>
                <xmax>284</xmax>
                <ymax>177</ymax>
            </bndbox>
        </object>
    <object>
        <name>G</name>
        <pose>Unspecified</pose>
        <truncated>0</truncated>
        <difficult>0</difficult>
        <bndbox>
                <xmin>293</xmin>
                <ymin>38</ymin>
                <xmax>328</xmax>
                <ymax>177</ymax>
            </bndbox>
        </object>
    <object>
        <name>D</name>
        <pose>Unspecified</pose>
        <truncated>0</truncated>
        <difficult>0</difficult>
        <bndbox>
                <xmin>337</xmin>
                <ymin>48</ymin>
                <xmax>370</xmax>
                <ymax>179</ymax>
            </bndbox>
        </object>
    </annotation>
