<annotation>
    <folder>From-Labelbox-license-characters-593images</folder>
    <filename>ckie6lyjg005h246ahra62sc7.jpeg</filename>
    <path>/home/riotu/Object Detection/Datasets/Car-detection/License-characters/From-Labelbox-license-characters-593images/ckie6lyjg005h246ahra62sc7.jpeg</path>
    <source>
        <database>Unknown</database>
    </source>
    <size>
        <width>713</width>
        <height>178</height>
        <depth>3</depth>
    </size>
    <segmented>0</segmented>
    <object>
        <name>1</name>
        <pose>Unspecified</pose>
        <truncated>0</truncated>
        <difficult>0</difficult>
        <bndbox>
                <xmin>76</xmin>
                <ymin>19</ymin>
                <xmax>105</xmax>
                <ymax>143</ymax>
            </bndbox>
        </object>
    <object>
        <name>1</name>
        <pose>Unspecified</pose>
        <truncated>0</truncated>
        <difficult>0</difficult>
        <bndbox>
                <xmin>140</xmin>
                <ymin>22</ymin>
                <xmax>165</xmax>
                <ymax>145</ymax>
            </bndbox>
        </object>
    <object>
        <name>1</name>
        <pose>Unspecified</pose>
        <truncated>0</truncated>
        <difficult>0</difficult>
        <bndbox>
                <xmin>199</xmin>
                <ymin>27</ymin>
                <xmax>231</xmax>
                <ymax>149</ymax>
            </bndbox>
        </object>
    <object>
        <name>0</name>
        <pose>Unspecified</pose>
        <truncated>0</truncated>
        <difficult>0</difficult>
        <bndbox>
                <xmin>260</xmin>
                <ymin>45</ymin>
                <xmax>297</xmax>
                <ymax>149</ymax>
            </bndbox>
        </object>
    <object>
        <name>S</name>
        <pose>Unspecified</pose>
        <truncated>0</truncated>
        <difficult>0</difficult>
        <bndbox>
                <xmin>405</xmin>
                <ymin>41</ymin>
                <xmax>446</xmax>
                <ymax>154</ymax>
            </bndbox>
        </object>
    <object>
        <name>V</name>
        <pose>Unspecified</pose>
        <truncated>0</truncated>
        <difficult>0</difficult>
        <bndbox>
                <xmin>468</xmin>
                <ymin>37</ymin>
                <xmax>507</xmax>
                <ymax>156</ymax>
            </bndbox>
        </object>
    <object>
        <name>A</name>
        <pose>Unspecified</pose>
        <truncated>0</truncated>
        <difficult>0</difficult>
        <bndbox>
                <xmin>527</xmin>
                <ymin>39</ymin>
                <xmax>565</xmax>
                <ymax>158</ymax>
            </bndbox>
        </object>
    </annotation>
