<annotation>
    <folder>From-Labelbox-license-characters-593images</folder>
    <filename>ckie7z8cf006d246ayq8yz5a0.jpeg</filename>
    <path>/home/riotu/Object Detection/Datasets/Car-detection/License-characters/From-Labelbox-license-characters-593images/ckie7z8cf006d246ayq8yz5a0.jpeg</path>
    <source>
        <database>Unknown</database>
    </source>
    <size>
        <width>483</width>
        <height>122</height>
        <depth>3</depth>
    </size>
    <segmented>0</segmented>
    <object>
        <name>9</name>
        <pose>Unspecified</pose>
        <truncated>0</truncated>
        <difficult>0</difficult>
        <bndbox>
                <xmin>36</xmin>
                <ymin>14</ymin>
                <xmax>62</xmax>
                <ymax>100</ymax>
            </bndbox>
        </object>
    <object>
        <name>4</name>
        <pose>Unspecified</pose>
        <truncated>0</truncated>
        <difficult>0</difficult>
        <bndbox>
                <xmin>81</xmin>
                <ymin>15</ymin>
                <xmax>102</xmax>
                <ymax>101</ymax>
            </bndbox>
        </object>
    <object>
        <name>5</name>
        <pose>Unspecified</pose>
        <truncated>0</truncated>
        <difficult>0</difficult>
        <bndbox>
                <xmin>125</xmin>
                <ymin>19</ymin>
                <xmax>146</xmax>
                <ymax>100</ymax>
            </bndbox>
        </object>
    <object>
        <name>4</name>
        <pose>Unspecified</pose>
        <truncated>0</truncated>
        <difficult>0</difficult>
        <bndbox>
                <xmin>168</xmin>
                <ymin>15</ymin>
                <xmax>187</xmax>
                <ymax>102</ymax>
            </bndbox>
        </object>
    <object>
        <name>B</name>
        <pose>Unspecified</pose>
        <truncated>0</truncated>
        <difficult>0</difficult>
        <bndbox>
                <xmin>325</xmin>
                <ymin>27</ymin>
                <xmax>351</xmax>
                <ymax>103</ymax>
            </bndbox>
        </object>
    <object>
        <name>K</name>
        <pose>Unspecified</pose>
        <truncated>0</truncated>
        <difficult>0</difficult>
        <bndbox>
                <xmin>368</xmin>
                <ymin>15</ymin>
                <xmax>398</xmax>
                <ymax>103</ymax>
            </bndbox>
        </object>
    <object>
        <name>J</name>
        <pose>Unspecified</pose>
        <truncated>0</truncated>
        <difficult>0</difficult>
        <bndbox>
                <xmin>412</xmin>
                <ymin>13</ymin>
                <xmax>439</xmax>
                <ymax>102</ymax>
            </bndbox>
        </object>
    </annotation>
