<annotation>
    <folder>From-Labelbox-license-characters-593images</folder>
    <filename>ckie6al2y0058246at4e13h0n.jpeg</filename>
    <path>/home/riotu/Object Detection/Datasets/Car-detection/License-characters/From-Labelbox-license-characters-593images/ckie6al2y0058246at4e13h0n.jpeg</path>
    <source>
        <database>Unknown</database>
    </source>
    <size>
        <width>373</width>
        <height>196</height>
        <depth>3</depth>
    </size>
    <segmented>0</segmented>
    <object>
        <name>6</name>
        <pose>Unspecified</pose>
        <truncated>0</truncated>
        <difficult>0</difficult>
        <bndbox>
                <xmin>28</xmin>
                <ymin>25</ymin>
                <xmax>66</xmax>
                <ymax>180</ymax>
            </bndbox>
        </object>
    <object>
        <name>2</name>
        <pose>Unspecified</pose>
        <truncated>0</truncated>
        <difficult>0</difficult>
        <bndbox>
                <xmin>70</xmin>
                <ymin>24</ymin>
                <xmax>105</xmax>
                <ymax>180</ymax>
            </bndbox>
        </object>
    <object>
        <name>2</name>
        <pose>Unspecified</pose>
        <truncated>0</truncated>
        <difficult>0</difficult>
        <bndbox>
                <xmin>108</xmin>
                <ymin>24</ymin>
                <xmax>146</xmax>
                <ymax>179</ymax>
            </bndbox>
        </object>
    <object>
        <name>2</name>
        <pose>Unspecified</pose>
        <truncated>0</truncated>
        <difficult>0</difficult>
        <bndbox>
                <xmin>151</xmin>
                <ymin>23</ymin>
                <xmax>183</xmax>
                <ymax>179</ymax>
            </bndbox>
        </object>
    <object>
        <name>N</name>
        <pose>Unspecified</pose>
        <truncated>0</truncated>
        <difficult>0</difficult>
        <bndbox>
                <xmin>207</xmin>
                <ymin>35</ymin>
                <xmax>238</xmax>
                <ymax>165</ymax>
            </bndbox>
        </object>
    <object>
        <name>X</name>
        <pose>Unspecified</pose>
        <truncated>0</truncated>
        <difficult>0</difficult>
        <bndbox>
                <xmin>246</xmin>
                <ymin>42</ymin>
                <xmax>276</xmax>
                <ymax>164</ymax>
            </bndbox>
        </object>
    <object>
        <name>D</name>
        <pose>Unspecified</pose>
        <truncated>0</truncated>
        <difficult>0</difficult>
        <bndbox>
                <xmin>288</xmin>
                <ymin>43</ymin>
                <xmax>317</xmax>
                <ymax>164</ymax>
            </bndbox>
        </object>
    </annotation>
