<annotation>
    <folder>From-Labelbox-license-characters-593images</folder>
    <filename>ckie4fc96003z246a76ac4qzq.jpeg</filename>
    <path>/home/riotu/Object Detection/Datasets/Car-detection/License-characters/From-Labelbox-license-characters-593images/ckie4fc96003z246a76ac4qzq.jpeg</path>
    <source>
        <database>Unknown</database>
    </source>
    <size>
        <width>501</width>
        <height>246</height>
        <depth>3</depth>
    </size>
    <segmented>0</segmented>
    <object>
        <name>3</name>
        <pose>Unspecified</pose>
        <truncated>0</truncated>
        <difficult>0</difficult>
        <bndbox>
                <xmin>42</xmin>
                <ymin>30</ymin>
                <xmax>88</xmax>
                <ymax>229</ymax>
            </bndbox>
        </object>
    <object>
        <name>3</name>
        <pose>Unspecified</pose>
        <truncated>0</truncated>
        <difficult>0</difficult>
        <bndbox>
                <xmin>96</xmin>
                <ymin>30</ymin>
                <xmax>139</xmax>
                <ymax>230</ymax>
            </bndbox>
        </object>
    <object>
        <name>3</name>
        <pose>Unspecified</pose>
        <truncated>0</truncated>
        <difficult>0</difficult>
        <bndbox>
                <xmin>148</xmin>
                <ymin>28</ymin>
                <xmax>192</xmax>
                <ymax>230</ymax>
            </bndbox>
        </object>
    <object>
        <name>7</name>
        <pose>Unspecified</pose>
        <truncated>0</truncated>
        <difficult>0</difficult>
        <bndbox>
                <xmin>200</xmin>
                <ymin>29</ymin>
                <xmax>245</xmax>
                <ymax>228</ymax>
            </bndbox>
        </object>
    <object>
        <name>L</name>
        <pose>Unspecified</pose>
        <truncated>0</truncated>
        <difficult>0</difficult>
        <bndbox>
                <xmin>280</xmin>
                <ymin>43</ymin>
                <xmax>322</xmax>
                <ymax>214</ymax>
            </bndbox>
        </object>
    <object>
        <name>T</name>
        <pose>Unspecified</pose>
        <truncated>0</truncated>
        <difficult>0</difficult>
        <bndbox>
                <xmin>335</xmin>
                <ymin>44</ymin>
                <xmax>369</xmax>
                <ymax>214</ymax>
            </bndbox>
        </object>
    <object>
        <name>D</name>
        <pose>Unspecified</pose>
        <truncated>0</truncated>
        <difficult>0</difficult>
        <bndbox>
                <xmin>385</xmin>
                <ymin>58</ymin>
                <xmax>424</xmax>
                <ymax>214</ymax>
            </bndbox>
        </object>
    </annotation>
