<annotation>
    <folder>From-Labelbox-license-characters-593images</folder>
    <filename>ckie7urwi006a246avxlmwjts.jpeg</filename>
    <path>/home/riotu/Object Detection/Datasets/Car-detection/License-characters/From-Labelbox-license-characters-593images/ckie7urwi006a246avxlmwjts.jpeg</path>
    <source>
        <database>Unknown</database>
    </source>
    <size>
        <width>198</width>
        <height>107</height>
        <depth>3</depth>
    </size>
    <segmented>0</segmented>
    <object>
        <name>8</name>
        <pose>Unspecified</pose>
        <truncated>0</truncated>
        <difficult>0</difficult>
        <bndbox>
                <xmin>19</xmin>
                <ymin>16</ymin>
                <xmax>36</xmax>
                <ymax>96</ymax>
            </bndbox>
        </object>
    <object>
        <name>2</name>
        <pose>Unspecified</pose>
        <truncated>0</truncated>
        <difficult>0</difficult>
        <bndbox>
                <xmin>38</xmin>
                <ymin>16</ymin>
                <xmax>57</xmax>
                <ymax>96</ymax>
            </bndbox>
        </object>
    <object>
        <name>4</name>
        <pose>Unspecified</pose>
        <truncated>0</truncated>
        <difficult>0</difficult>
        <bndbox>
                <xmin>61</xmin>
                <ymin>17</ymin>
                <xmax>76</xmax>
                <ymax>97</ymax>
            </bndbox>
        </object>
    <object>
        <name>4</name>
        <pose>Unspecified</pose>
        <truncated>0</truncated>
        <difficult>0</difficult>
        <bndbox>
                <xmin>80</xmin>
                <ymin>16</ymin>
                <xmax>97</xmax>
                <ymax>97</ymax>
            </bndbox>
        </object>
    <object>
        <name>S</name>
        <pose>Unspecified</pose>
        <truncated>0</truncated>
        <difficult>0</difficult>
        <bndbox>
                <xmin>109</xmin>
                <ymin>28</ymin>
                <xmax>124</xmax>
                <ymax>90</ymax>
            </bndbox>
        </object>
    <object>
        <name>R</name>
        <pose>Unspecified</pose>
        <truncated>0</truncated>
        <difficult>0</difficult>
        <bndbox>
                <xmin>129</xmin>
                <ymin>28</ymin>
                <xmax>146</xmax>
                <ymax>92</ymax>
            </bndbox>
        </object>
    <object>
        <name>D</name>
        <pose>Unspecified</pose>
        <truncated>0</truncated>
        <difficult>0</difficult>
        <bndbox>
                <xmin>151</xmin>
                <ymin>27</ymin>
                <xmax>165</xmax>
                <ymax>91</ymax>
            </bndbox>
        </object>
    </annotation>
