<annotation>
    <folder>From-Labelbox-license-characters-593images</folder>
    <filename>ckie7j3gx0061246avlw6vdol.jpeg</filename>
    <path>/home/riotu/Object Detection/Datasets/Car-detection/License-characters/From-Labelbox-license-characters-593images/ckie7j3gx0061246avlw6vdol.jpeg</path>
    <source>
        <database>Unknown</database>
    </source>
    <size>
        <width>396</width>
        <height>200</height>
        <depth>3</depth>
    </size>
    <segmented>0</segmented>
    <object>
        <name>7</name>
        <pose>Unspecified</pose>
        <truncated>0</truncated>
        <difficult>0</difficult>
        <bndbox>
                <xmin>32</xmin>
                <ymin>23</ymin>
                <xmax>69</xmax>
                <ymax>186</ymax>
            </bndbox>
        </object>
    <object>
        <name>2</name>
        <pose>Unspecified</pose>
        <truncated>0</truncated>
        <difficult>0</difficult>
        <bndbox>
                <xmin>77</xmin>
                <ymin>24</ymin>
                <xmax>113</xmax>
                <ymax>185</ymax>
            </bndbox>
        </object>
    <object>
        <name>2</name>
        <pose>Unspecified</pose>
        <truncated>0</truncated>
        <difficult>0</difficult>
        <bndbox>
                <xmin>120</xmin>
                <ymin>21</ymin>
                <xmax>156</xmax>
                <ymax>186</ymax>
            </bndbox>
        </object>
    <object>
        <name>7</name>
        <pose>Unspecified</pose>
        <truncated>0</truncated>
        <difficult>0</difficult>
        <bndbox>
                <xmin>160</xmin>
                <ymin>23</ymin>
                <xmax>196</xmax>
                <ymax>185</ymax>
            </bndbox>
        </object>
    <object>
        <name>J</name>
        <pose>Unspecified</pose>
        <truncated>0</truncated>
        <difficult>0</difficult>
        <bndbox>
                <xmin>222</xmin>
                <ymin>34</ymin>
                <xmax>256</xmax>
                <ymax>171</ymax>
            </bndbox>
        </object>
    <object>
        <name>Z</name>
        <pose>Unspecified</pose>
        <truncated>0</truncated>
        <difficult>0</difficult>
        <bndbox>
                <xmin>264</xmin>
                <ymin>34</ymin>
                <xmax>297</xmax>
                <ymax>173</ymax>
            </bndbox>
        </object>
    <object>
        <name>J</name>
        <pose>Unspecified</pose>
        <truncated>0</truncated>
        <difficult>0</difficult>
        <bndbox>
                <xmin>304</xmin>
                <ymin>33</ymin>
                <xmax>337</xmax>
                <ymax>171</ymax>
            </bndbox>
        </object>
    </annotation>
