<annotation>
    <folder>From-Labelbox-license-characters-593images</folder>
    <filename>ckie5sk2y004v246aukg6428s.jpeg</filename>
    <path>/home/riotu/Object Detection/Datasets/Car-detection/License-characters/From-Labelbox-license-characters-593images/ckie5sk2y004v246aukg6428s.jpeg</path>
    <source>
        <database>Unknown</database>
    </source>
    <size>
        <width>378</width>
        <height>188</height>
        <depth>3</depth>
    </size>
    <segmented>0</segmented>
    <object>
        <name>8</name>
        <pose>Unspecified</pose>
        <truncated>0</truncated>
        <difficult>0</difficult>
        <bndbox>
                <xmin>30</xmin>
                <ymin>14</ymin>
                <xmax>64</xmax>
                <ymax>170</ymax>
            </bndbox>
        </object>
    <object>
        <name>3</name>
        <pose>Unspecified</pose>
        <truncated>0</truncated>
        <difficult>0</difficult>
        <bndbox>
                <xmin>70</xmin>
                <ymin>17</ymin>
                <xmax>105</xmax>
                <ymax>170</ymax>
            </bndbox>
        </object>
    <object>
        <name>4</name>
        <pose>Unspecified</pose>
        <truncated>0</truncated>
        <difficult>0</difficult>
        <bndbox>
                <xmin>109</xmin>
                <ymin>16</ymin>
                <xmax>142</xmax>
                <ymax>171</ymax>
            </bndbox>
        </object>
    <object>
        <name>0</name>
        <pose>Unspecified</pose>
        <truncated>0</truncated>
        <difficult>0</difficult>
        <bndbox>
                <xmin>149</xmin>
                <ymin>44</ymin>
                <xmax>182</xmax>
                <ymax>171</ymax>
            </bndbox>
        </object>
    <object>
        <name>G</name>
        <pose>Unspecified</pose>
        <truncated>0</truncated>
        <difficult>0</difficult>
        <bndbox>
                <xmin>209</xmin>
                <ymin>32</ymin>
                <xmax>240</xmax>
                <ymax>160</ymax>
            </bndbox>
        </object>
    <object>
        <name>X</name>
        <pose>Unspecified</pose>
        <truncated>0</truncated>
        <difficult>0</difficult>
        <bndbox>
                <xmin>248</xmin>
                <ymin>39</ymin>
                <xmax>278</xmax>
                <ymax>161</ymax>
            </bndbox>
        </object>
    <object>
        <name>D</name>
        <pose>Unspecified</pose>
        <truncated>0</truncated>
        <difficult>0</difficult>
        <bndbox>
                <xmin>290</xmin>
                <ymin>41</ymin>
                <xmax>318</xmax>
                <ymax>162</ymax>
            </bndbox>
        </object>
    </annotation>
