<annotation>
    <folder>From-Labelbox-license-characters-593images</folder>
    <filename>ckie6zqxs005m246are0x3fmb.jpeg</filename>
    <path>/home/riotu/Object Detection/Datasets/Car-detection/License-characters/From-Labelbox-license-characters-593images/ckie6zqxs005m246are0x3fmb.jpeg</path>
    <source>
        <database>Unknown</database>
    </source>
    <size>
        <width>215</width>
        <height>130</height>
        <depth>3</depth>
    </size>
    <segmented>0</segmented>
    <object>
        <name>6</name>
        <pose>Unspecified</pose>
        <truncated>0</truncated>
        <difficult>0</difficult>
        <bndbox>
                <xmin>17</xmin>
                <ymin>19</ymin>
                <xmax>37</xmax>
                <ymax>108</ymax>
            </bndbox>
        </object>
    <object>
        <name>0</name>
        <pose>Unspecified</pose>
        <truncated>0</truncated>
        <difficult>0</difficult>
        <bndbox>
                <xmin>39</xmin>
                <ymin>34</ymin>
                <xmax>58</xmax>
                <ymax>110</ymax>
            </bndbox>
        </object>
    <object>
        <name>0</name>
        <pose>Unspecified</pose>
        <truncated>0</truncated>
        <difficult>0</difficult>
        <bndbox>
                <xmin>61</xmin>
                <ymin>36</ymin>
                <xmax>79</xmax>
                <ymax>110</ymax>
            </bndbox>
        </object>
    <object>
        <name>3</name>
        <pose>Unspecified</pose>
        <truncated>0</truncated>
        <difficult>0</difficult>
        <bndbox>
                <xmin>83</xmin>
                <ymin>23</ymin>
                <xmax>101</xmax>
                <ymax>111</ymax>
            </bndbox>
        </object>
    <object>
        <name>T</name>
        <pose>Unspecified</pose>
        <truncated>0</truncated>
        <difficult>0</difficult>
        <bndbox>
                <xmin>119</xmin>
                <ymin>29</ymin>
                <xmax>135</xmax>
                <ymax>106</ymax>
            </bndbox>
        </object>
    <object>
        <name>L</name>
        <pose>Unspecified</pose>
        <truncated>0</truncated>
        <difficult>0</difficult>
        <bndbox>
                <xmin>139</xmin>
                <ymin>31</ymin>
                <xmax>158</xmax>
                <ymax>108</ymax>
            </bndbox>
        </object>
    <object>
        <name>D</name>
        <pose>Unspecified</pose>
        <truncated>0</truncated>
        <difficult>0</difficult>
        <bndbox>
                <xmin>161</xmin>
                <ymin>37</ymin>
                <xmax>179</xmax>
                <ymax>108</ymax>
            </bndbox>
        </object>
    </annotation>
