<annotation>
    <folder>From-Labelbox-license-characters-593images</folder>
    <filename>ckie7ny3c0065246aec83z0ct.jpeg</filename>
    <path>/home/riotu/Object Detection/Datasets/Car-detection/License-characters/From-Labelbox-license-characters-593images/ckie7ny3c0065246aec83z0ct.jpeg</path>
    <source>
        <database>Unknown</database>
    </source>
    <size>
        <width>629</width>
        <height>160</height>
        <depth>3</depth>
    </size>
    <segmented>0</segmented>
    <object>
        <name>2</name>
        <pose>Unspecified</pose>
        <truncated>0</truncated>
        <difficult>0</difficult>
        <bndbox>
                <xmin>45</xmin>
                <ymin>17</ymin>
                <xmax>78</xmax>
                <ymax>129</ymax>
            </bndbox>
        </object>
    <object>
        <name>2</name>
        <pose>Unspecified</pose>
        <truncated>0</truncated>
        <difficult>0</difficult>
        <bndbox>
                <xmin>102</xmin>
                <ymin>21</ymin>
                <xmax>133</xmax>
                <ymax>131</ymax>
            </bndbox>
        </object>
    <object>
        <name>6</name>
        <pose>Unspecified</pose>
        <truncated>0</truncated>
        <difficult>0</difficult>
        <bndbox>
                <xmin>160</xmin>
                <ymin>24</ymin>
                <xmax>191</xmax>
                <ymax>135</ymax>
            </bndbox>
        </object>
    <object>
        <name>0</name>
        <pose>Unspecified</pose>
        <truncated>0</truncated>
        <difficult>0</difficult>
        <bndbox>
                <xmin>214</xmin>
                <ymin>45</ymin>
                <xmax>246</xmax>
                <ymax>138</ymax>
            </bndbox>
        </object>
    <object>
        <name>G</name>
        <pose>Unspecified</pose>
        <truncated>0</truncated>
        <difficult>0</difficult>
        <bndbox>
                <xmin>425</xmin>
                <ymin>35</ymin>
                <xmax>464</xmax>
                <ymax>144</ymax>
            </bndbox>
        </object>
    <object>
        <name>V</name>
        <pose>Unspecified</pose>
        <truncated>0</truncated>
        <difficult>0</difficult>
        <bndbox>
                <xmin>482</xmin>
                <ymin>35</ymin>
                <xmax>514</xmax>
                <ymax>145</ymax>
            </bndbox>
        </object>
    <object>
        <name>J</name>
        <pose>Unspecified</pose>
        <truncated>0</truncated>
        <difficult>0</difficult>
        <bndbox>
                <xmin>536</xmin>
                <ymin>38</ymin>
                <xmax>574</xmax>
                <ymax>144</ymax>
            </bndbox>
        </object>
    </annotation>
