<annotation>
    <folder>From-Labelbox-license-characters-593images</folder>
    <filename>ckie4lts30043246av9q5q1px.jpeg</filename>
    <path>/home/riotu/Object Detection/Datasets/Car-detection/License-characters/From-Labelbox-license-characters-593images/ckie4lts30043246av9q5q1px.jpeg</path>
    <source>
        <database>Unknown</database>
    </source>
    <size>
        <width>450</width>
        <height>214</height>
        <depth>3</depth>
    </size>
    <segmented>0</segmented>
    <object>
        <name>2</name>
        <pose>Unspecified</pose>
        <truncated>0</truncated>
        <difficult>0</difficult>
        <bndbox>
                <xmin>30</xmin>
                <ymin>48</ymin>
                <xmax>79</xmax>
                <ymax>193</ymax>
            </bndbox>
        </object>
    <object>
        <name>1</name>
        <pose>Unspecified</pose>
        <truncated>0</truncated>
        <difficult>0</difficult>
        <bndbox>
                <xmin>82</xmin>
                <ymin>47</ymin>
                <xmax>121</xmax>
                <ymax>189</ymax>
            </bndbox>
        </object>
    <object>
        <name>8</name>
        <pose>Unspecified</pose>
        <truncated>0</truncated>
        <difficult>0</difficult>
        <bndbox>
                <xmin>126</xmin>
                <ymin>42</ymin>
                <xmax>170</xmax>
                <ymax>185</ymax>
            </bndbox>
        </object>
    <object>
        <name>9</name>
        <pose>Unspecified</pose>
        <truncated>0</truncated>
        <difficult>0</difficult>
        <bndbox>
                <xmin>172</xmin>
                <ymin>40</ymin>
                <xmax>216</xmax>
                <ymax>184</ymax>
            </bndbox>
        </object>
    <object>
        <name>J</name>
        <pose>Unspecified</pose>
        <truncated>0</truncated>
        <difficult>0</difficult>
        <bndbox>
                <xmin>244</xmin>
                <ymin>46</ymin>
                <xmax>285</xmax>
                <ymax>170</ymax>
            </bndbox>
        </object>
    <object>
        <name>A</name>
        <pose>Unspecified</pose>
        <truncated>0</truncated>
        <difficult>0</difficult>
        <bndbox>
                <xmin>298</xmin>
                <ymin>43</ymin>
                <xmax>332</xmax>
                <ymax>167</ymax>
            </bndbox>
        </object>
    <object>
        <name>D</name>
        <pose>Unspecified</pose>
        <truncated>0</truncated>
        <difficult>0</difficult>
        <bndbox>
                <xmin>339</xmin>
                <ymin>49</ymin>
                <xmax>379</xmax>
                <ymax>166</ymax>
            </bndbox>
        </object>
    </annotation>
