<annotation>
    <folder>From-Labelbox-license-characters-593images</folder>
    <filename>ckie7a1a2005u246a73f062ky.jpeg</filename>
    <path>/home/riotu/Object Detection/Datasets/Car-detection/License-characters/From-Labelbox-license-characters-593images/ckie7a1a2005u246a73f062ky.jpeg</path>
    <source>
        <database>Unknown</database>
    </source>
    <size>
        <width>345</width>
        <height>174</height>
        <depth>3</depth>
    </size>
    <segmented>0</segmented>
    <object>
        <name>5</name>
        <pose>Unspecified</pose>
        <truncated>0</truncated>
        <difficult>0</difficult>
        <bndbox>
                <xmin>25</xmin>
                <ymin>28</ymin>
                <xmax>58</xmax>
                <ymax>160</ymax>
            </bndbox>
        </object>
    <object>
        <name>3</name>
        <pose>Unspecified</pose>
        <truncated>0</truncated>
        <difficult>0</difficult>
        <bndbox>
                <xmin>62</xmin>
                <ymin>18</ymin>
                <xmax>94</xmax>
                <ymax>159</ymax>
            </bndbox>
        </object>
    <object>
        <name>4</name>
        <pose>Unspecified</pose>
        <truncated>0</truncated>
        <difficult>0</difficult>
        <bndbox>
                <xmin>102</xmin>
                <ymin>16</ymin>
                <xmax>133</xmax>
                <ymax>160</ymax>
            </bndbox>
        </object>
    <object>
        <name>9</name>
        <pose>Unspecified</pose>
        <truncated>0</truncated>
        <difficult>0</difficult>
        <bndbox>
                <xmin>140</xmin>
                <ymin>17</ymin>
                <xmax>168</xmax>
                <ymax>161</ymax>
            </bndbox>
        </object>
    <object>
        <name>L</name>
        <pose>Unspecified</pose>
        <truncated>0</truncated>
        <difficult>0</difficult>
        <bndbox>
                <xmin>190</xmin>
                <ymin>29</ymin>
                <xmax>218</xmax>
                <ymax>153</ymax>
            </bndbox>
        </object>
    <object>
        <name>V</name>
        <pose>Unspecified</pose>
        <truncated>0</truncated>
        <difficult>0</difficult>
        <bndbox>
                <xmin>226</xmin>
                <ymin>30</ymin>
                <xmax>255</xmax>
                <ymax>151</ymax>
            </bndbox>
        </object>
    <object>
        <name>J</name>
        <pose>Unspecified</pose>
        <truncated>0</truncated>
        <difficult>0</difficult>
        <bndbox>
                <xmin>263</xmin>
                <ymin>31</ymin>
                <xmax>292</xmax>
                <ymax>151</ymax>
            </bndbox>
        </object>
    </annotation>
