<annotation>
    <folder>From-Labelbox-license-characters-593images</folder>
    <filename>ckie7xvuh006c246akjrbsbgj.jpeg</filename>
    <path>/home/riotu/Object Detection/Datasets/Car-detection/License-characters/From-Labelbox-license-characters-593images/ckie7xvuh006c246akjrbsbgj.jpeg</path>
    <source>
        <database>Unknown</database>
    </source>
    <size>
        <width>403</width>
        <height>204</height>
        <depth>3</depth>
    </size>
    <segmented>0</segmented>
    <object>
        <name>9</name>
        <pose>Unspecified</pose>
        <truncated>0</truncated>
        <difficult>0</difficult>
        <bndbox>
                <xmin>32</xmin>
                <ymin>25</ymin>
                <xmax>70</xmax>
                <ymax>184</ymax>
            </bndbox>
        </object>
    <object>
        <name>7</name>
        <pose>Unspecified</pose>
        <truncated>0</truncated>
        <difficult>0</difficult>
        <bndbox>
                <xmin>74</xmin>
                <ymin>25</ymin>
                <xmax>115</xmax>
                <ymax>183</ymax>
            </bndbox>
        </object>
    <object>
        <name>7</name>
        <pose>Unspecified</pose>
        <truncated>0</truncated>
        <difficult>0</difficult>
        <bndbox>
                <xmin>120</xmin>
                <ymin>23</ymin>
                <xmax>154</xmax>
                <ymax>184</ymax>
            </bndbox>
        </object>
    <object>
        <name>8</name>
        <pose>Unspecified</pose>
        <truncated>0</truncated>
        <difficult>0</difficult>
        <bndbox>
                <xmin>161</xmin>
                <ymin>25</ymin>
                <xmax>204</xmax>
                <ymax>182</ymax>
            </bndbox>
        </object>
    <object>
        <name>R</name>
        <pose>Unspecified</pose>
        <truncated>0</truncated>
        <difficult>0</difficult>
        <bndbox>
                <xmin>223</xmin>
                <ymin>45</ymin>
                <xmax>258</xmax>
                <ymax>173</ymax>
            </bndbox>
        </object>
    <object>
        <name>D</name>
        <pose>Unspecified</pose>
        <truncated>0</truncated>
        <difficult>0</difficult>
        <bndbox>
                <xmin>264</xmin>
                <ymin>44</ymin>
                <xmax>297</xmax>
                <ymax>171</ymax>
            </bndbox>
        </object>
    <object>
        <name>J</name>
        <pose>Unspecified</pose>
        <truncated>0</truncated>
        <difficult>0</difficult>
        <bndbox>
                <xmin>308</xmin>
                <ymin>35</ymin>
                <xmax>341</xmax>
                <ymax>172</ymax>
            </bndbox>
        </object>
    </annotation>
