<annotation>
    <folder>From-Labelbox-license-characters-593images</folder>
    <filename>ckie59a8k004j246a25syci06.jpeg</filename>
    <path>/home/riotu/Object Detection/Datasets/Car-detection/License-characters/From-Labelbox-license-characters-593images/ckie59a8k004j246a25syci06.jpeg</path>
    <source>
        <database>Unknown</database>
    </source>
    <size>
        <width>415</width>
        <height>217</height>
        <depth>3</depth>
    </size>
    <segmented>0</segmented>
    <object>
        <name>3</name>
        <pose>Unspecified</pose>
        <truncated>0</truncated>
        <difficult>0</difficult>
        <bndbox>
                <xmin>26</xmin>
                <ymin>34</ymin>
                <xmax>62</xmax>
                <ymax>191</ymax>
            </bndbox>
        </object>
    <object>
        <name>2</name>
        <pose>Unspecified</pose>
        <truncated>0</truncated>
        <difficult>0</difficult>
        <bndbox>
                <xmin>70</xmin>
                <ymin>31</ymin>
                <xmax>104</xmax>
                <ymax>193</ymax>
            </bndbox>
        </object>
    <object>
        <name>6</name>
        <pose>Unspecified</pose>
        <truncated>0</truncated>
        <difficult>0</difficult>
        <bndbox>
                <xmin>113</xmin>
                <ymin>33</ymin>
                <xmax>149</xmax>
                <ymax>190</ymax>
            </bndbox>
        </object>
    <object>
        <name>4</name>
        <pose>Unspecified</pose>
        <truncated>0</truncated>
        <difficult>0</difficult>
        <bndbox>
                <xmin>158</xmin>
                <ymin>33</ymin>
                <xmax>191</xmax>
                <ymax>190</ymax>
            </bndbox>
        </object>
    <object>
        <name>S</name>
        <pose>Unspecified</pose>
        <truncated>0</truncated>
        <difficult>0</difficult>
        <bndbox>
                <xmin>215</xmin>
                <ymin>51</ymin>
                <xmax>248</xmax>
                <ymax>175</ymax>
            </bndbox>
        </object>
    <object>
        <name>T</name>
        <pose>Unspecified</pose>
        <truncated>0</truncated>
        <difficult>0</difficult>
        <bndbox>
                <xmin>257</xmin>
                <ymin>39</ymin>
                <xmax>290</xmax>
                <ymax>175</ymax>
            </bndbox>
        </object>
    <object>
        <name>A</name>
        <pose>Unspecified</pose>
        <truncated>0</truncated>
        <difficult>0</difficult>
        <bndbox>
                <xmin>301</xmin>
                <ymin>39</ymin>
                <xmax>329</xmax>
                <ymax>175</ymax>
            </bndbox>
        </object>
    </annotation>
