<annotation>
    <folder>From-Labelbox-license-characters-593images</folder>
    <filename>ckie57pt9004i246ari9ey0dv.jpeg</filename>
    <path>/home/riotu/Object Detection/Datasets/Car-detection/License-characters/From-Labelbox-license-characters-593images/ckie57pt9004i246ari9ey0dv.jpeg</path>
    <source>
        <database>Unknown</database>
    </source>
    <size>
        <width>450</width>
        <height>214</height>
        <depth>3</depth>
    </size>
    <segmented>0</segmented>
    <object>
        <name>2</name>
        <pose>Unspecified</pose>
        <truncated>0</truncated>
        <difficult>0</difficult>
        <bndbox>
                <xmin>21</xmin>
                <ymin>31</ymin>
                <xmax>64</xmax>
                <ymax>197</ymax>
            </bndbox>
        </object>
    <object>
        <name>6</name>
        <pose>Unspecified</pose>
        <truncated>0</truncated>
        <difficult>0</difficult>
        <bndbox>
                <xmin>70</xmin>
                <ymin>33</ymin>
                <xmax>109</xmax>
                <ymax>195</ymax>
            </bndbox>
        </object>
    <object>
        <name>0</name>
        <pose>Unspecified</pose>
        <truncated>0</truncated>
        <difficult>0</difficult>
        <bndbox>
                <xmin>115</xmin>
                <ymin>59</ymin>
                <xmax>154</xmax>
                <ymax>197</ymax>
            </bndbox>
        </object>
    <object>
        <name>9</name>
        <pose>Unspecified</pose>
        <truncated>0</truncated>
        <difficult>0</difficult>
        <bndbox>
                <xmin>160</xmin>
                <ymin>29</ymin>
                <xmax>200</xmax>
                <ymax>195</ymax>
            </bndbox>
        </object>
    <object>
        <name>J</name>
        <pose>Unspecified</pose>
        <truncated>0</truncated>
        <difficult>0</difficult>
        <bndbox>
                <xmin>227</xmin>
                <ymin>41</ymin>
                <xmax>264</xmax>
                <ymax>182</ymax>
            </bndbox>
        </object>
    <object>
        <name>U</name>
        <pose>Unspecified</pose>
        <truncated>0</truncated>
        <difficult>0</difficult>
        <bndbox>
                <xmin>272</xmin>
                <ymin>44</ymin>
                <xmax>309</xmax>
                <ymax>180</ymax>
            </bndbox>
        </object>
    <object>
        <name>B</name>
        <pose>Unspecified</pose>
        <truncated>0</truncated>
        <difficult>0</difficult>
        <bndbox>
                <xmin>317</xmin>
                <ymin>52</ymin>
                <xmax>355</xmax>
                <ymax>181</ymax>
            </bndbox>
        </object>
    </annotation>
