<annotation>
    <folder>From-Labelbox-license-characters-593images</folder>
    <filename>ckie5zvy10050246ae41llx0q.jpeg</filename>
    <path>/home/riotu/Object Detection/Datasets/Car-detection/License-characters/From-Labelbox-license-characters-593images/ckie5zvy10050246ae41llx0q.jpeg</path>
    <source>
        <database>Unknown</database>
    </source>
    <size>
        <width>205</width>
        <height>113</height>
        <depth>3</depth>
    </size>
    <segmented>0</segmented>
    <object>
        <name>3</name>
        <pose>Unspecified</pose>
        <truncated>0</truncated>
        <difficult>0</difficult>
        <bndbox>
                <xmin>13</xmin>
                <ymin>7</ymin>
                <xmax>37</xmax>
                <ymax>99</ymax>
            </bndbox>
        </object>
    <object>
        <name>1</name>
        <pose>Unspecified</pose>
        <truncated>0</truncated>
        <difficult>0</difficult>
        <bndbox>
                <xmin>38</xmin>
                <ymin>9</ymin>
                <xmax>51</xmax>
                <ymax>102</ymax>
            </bndbox>
        </object>
    <object>
        <name>0</name>
        <pose>Unspecified</pose>
        <truncated>0</truncated>
        <difficult>0</difficult>
        <bndbox>
                <xmin>52</xmin>
                <ymin>24</ymin>
                <xmax>72</xmax>
                <ymax>101</ymax>
            </bndbox>
        </object>
    <object>
        <name>0</name>
        <pose>Unspecified</pose>
        <truncated>0</truncated>
        <difficult>0</difficult>
        <bndbox>
                <xmin>73</xmin>
                <ymin>25</ymin>
                <xmax>93</xmax>
                <ymax>103</ymax>
            </bndbox>
        </object>
    <object>
        <name>N</name>
        <pose>Unspecified</pose>
        <truncated>0</truncated>
        <difficult>0</difficult>
        <bndbox>
                <xmin>106</xmin>
                <ymin>19</ymin>
                <xmax>128</xmax>
                <ymax>100</ymax>
            </bndbox>
        </object>
    <object>
        <name>K</name>
        <pose>Unspecified</pose>
        <truncated>0</truncated>
        <difficult>0</difficult>
        <bndbox>
                <xmin>127</xmin>
                <ymin>20</ymin>
                <xmax>148</xmax>
                <ymax>100</ymax>
            </bndbox>
        </object>
    <object>
        <name>D</name>
        <pose>Unspecified</pose>
        <truncated>0</truncated>
        <difficult>0</difficult>
        <bndbox>
                <xmin>147</xmin>
                <ymin>28</ymin>
                <xmax>167</xmax>
                <ymax>102</ymax>
            </bndbox>
        </object>
    </annotation>
