<annotation>
    <folder>From-Labelbox-license-characters-593images</folder>
    <filename>ckie722fg005o246ai0kpsx2k.jpeg</filename>
    <path>/home/riotu/Object Detection/Datasets/Car-detection/License-characters/From-Labelbox-license-characters-593images/ckie722fg005o246ai0kpsx2k.jpeg</path>
    <source>
        <database>Unknown</database>
    </source>
    <size>
        <width>219</width>
        <height>136</height>
        <depth>3</depth>
    </size>
    <segmented>0</segmented>
    <object>
        <name>2</name>
        <pose>Unspecified</pose>
        <truncated>0</truncated>
        <difficult>0</difficult>
        <bndbox>
                <xmin>22</xmin>
                <ymin>24</ymin>
                <xmax>44</xmax>
                <ymax>116</ymax>
            </bndbox>
        </object>
    <object>
        <name>9</name>
        <pose>Unspecified</pose>
        <truncated>0</truncated>
        <difficult>0</difficult>
        <bndbox>
                <xmin>45</xmin>
                <ymin>26</ymin>
                <xmax>65</xmax>
                <ymax>116</ymax>
            </bndbox>
        </object>
    <object>
        <name>4</name>
        <pose>Unspecified</pose>
        <truncated>0</truncated>
        <difficult>0</difficult>
        <bndbox>
                <xmin>68</xmin>
                <ymin>27</ymin>
                <xmax>89</xmax>
                <ymax>118</ymax>
            </bndbox>
        </object>
    <object>
        <name>8</name>
        <pose>Unspecified</pose>
        <truncated>0</truncated>
        <difficult>0</difficult>
        <bndbox>
                <xmin>91</xmin>
                <ymin>27</ymin>
                <xmax>110</xmax>
                <ymax>119</ymax>
            </bndbox>
        </object>
    <object>
        <name>U</name>
        <pose>Unspecified</pose>
        <truncated>0</truncated>
        <difficult>0</difficult>
        <bndbox>
                <xmin>121</xmin>
                <ymin>39</ymin>
                <xmax>139</xmax>
                <ymax>113</ymax>
            </bndbox>
        </object>
    <object>
        <name>R</name>
        <pose>Unspecified</pose>
        <truncated>0</truncated>
        <difficult>0</difficult>
        <bndbox>
                <xmin>143</xmin>
                <ymin>45</ymin>
                <xmax>161</xmax>
                <ymax>115</ymax>
            </bndbox>
        </object>
    <object>
        <name>D</name>
        <pose>Unspecified</pose>
        <truncated>0</truncated>
        <difficult>0</difficult>
        <bndbox>
                <xmin>166</xmin>
                <ymin>45</ymin>
                <xmax>184</xmax>
                <ymax>116</ymax>
            </bndbox>
        </object>
    </annotation>
