<annotation>
    <folder>From-Labelbox-license-characters-593images</folder>
    <filename>ckie5utwu004x246a3u0awyl0.jpeg</filename>
    <path>/home/riotu/Object Detection/Datasets/Car-detection/License-characters/From-Labelbox-license-characters-593images/ckie5utwu004x246a3u0awyl0.jpeg</path>
    <source>
        <database>Unknown</database>
    </source>
    <size>
        <width>396</width>
        <height>180</height>
        <depth>3</depth>
    </size>
    <segmented>0</segmented>
    <object>
        <name>1</name>
        <pose>Unspecified</pose>
        <truncated>0</truncated>
        <difficult>0</difficult>
        <bndbox>
                <xmin>36</xmin>
                <ymin>3</ymin>
                <xmax>64</xmax>
                <ymax>164</ymax>
            </bndbox>
        </object>
    <object>
        <name>5</name>
        <pose>Unspecified</pose>
        <truncated>0</truncated>
        <difficult>0</difficult>
        <bndbox>
                <xmin>73</xmin>
                <ymin>15</ymin>
                <xmax>111</xmax>
                <ymax>165</ymax>
            </bndbox>
        </object>
    <object>
        <name>4</name>
        <pose>Unspecified</pose>
        <truncated>0</truncated>
        <difficult>0</difficult>
        <bndbox>
                <xmin>117</xmin>
                <ymin>4</ymin>
                <xmax>153</xmax>
                <ymax>166</ymax>
            </bndbox>
        </object>
    <object>
        <name>1</name>
        <pose>Unspecified</pose>
        <truncated>0</truncated>
        <difficult>0</difficult>
        <bndbox>
                <xmin>166</xmin>
                <ymin>5</ymin>
                <xmax>193</xmax>
                <ymax>167</ymax>
            </bndbox>
        </object>
    <object>
        <name>Z</name>
        <pose>Unspecified</pose>
        <truncated>0</truncated>
        <difficult>0</difficult>
        <bndbox>
                <xmin>221</xmin>
                <ymin>19</ymin>
                <xmax>250</xmax>
                <ymax>156</ymax>
            </bndbox>
        </object>
    <object>
        <name>K</name>
        <pose>Unspecified</pose>
        <truncated>0</truncated>
        <difficult>0</difficult>
        <bndbox>
                <xmin>263</xmin>
                <ymin>21</ymin>
                <xmax>294</xmax>
                <ymax>159</ymax>
            </bndbox>
        </object>
    <object>
        <name>J</name>
        <pose>Unspecified</pose>
        <truncated>0</truncated>
        <difficult>0</difficult>
        <bndbox>
                <xmin>306</xmin>
                <ymin>24</ymin>
                <xmax>337</xmax>
                <ymax>158</ymax>
            </bndbox>
        </object>
    </annotation>
