<annotation>
    <folder>From-Labelbox-license-characters-593images</folder>
    <filename>ckie5tmde004w246a9wyxtcv7.jpeg</filename>
    <path>/home/riotu/Object Detection/Datasets/Car-detection/License-characters/From-Labelbox-license-characters-593images/ckie5tmde004w246a9wyxtcv7.jpeg</path>
    <source>
        <database>Unknown</database>
    </source>
    <size>
        <width>205</width>
        <height>125</height>
        <depth>3</depth>
    </size>
    <segmented>0</segmented>
    <object>
        <name>9</name>
        <pose>Unspecified</pose>
        <truncated>0</truncated>
        <difficult>0</difficult>
        <bndbox>
                <xmin>20</xmin>
                <ymin>21</ymin>
                <xmax>38</xmax>
                <ymax>106</ymax>
            </bndbox>
        </object>
    <object>
        <name>7</name>
        <pose>Unspecified</pose>
        <truncated>0</truncated>
        <difficult>0</difficult>
        <bndbox>
                <xmin>40</xmin>
                <ymin>22</ymin>
                <xmax>58</xmax>
                <ymax>105</ymax>
            </bndbox>
        </object>
    <object>
        <name>4</name>
        <pose>Unspecified</pose>
        <truncated>0</truncated>
        <difficult>0</difficult>
        <bndbox>
                <xmin>61</xmin>
                <ymin>23</ymin>
                <xmax>79</xmax>
                <ymax>108</ymax>
            </bndbox>
        </object>
    <object>
        <name>4</name>
        <pose>Unspecified</pose>
        <truncated>0</truncated>
        <difficult>0</difficult>
        <bndbox>
                <xmin>81</xmin>
                <ymin>25</ymin>
                <xmax>100</xmax>
                <ymax>109</ymax>
            </bndbox>
        </object>
    <object>
        <name>X</name>
        <pose>Unspecified</pose>
        <truncated>0</truncated>
        <difficult>0</difficult>
        <bndbox>
                <xmin>112</xmin>
                <ymin>36</ymin>
                <xmax>129</xmax>
                <ymax>106</ymax>
            </bndbox>
        </object>
    <object>
        <name>T</name>
        <pose>Unspecified</pose>
        <truncated>0</truncated>
        <difficult>0</difficult>
        <bndbox>
                <xmin>133</xmin>
                <ymin>33</ymin>
                <xmax>149</xmax>
                <ymax>106</ymax>
            </bndbox>
        </object>
    <object>
        <name>D</name>
        <pose>Unspecified</pose>
        <truncated>0</truncated>
        <difficult>0</difficult>
        <bndbox>
                <xmin>152</xmin>
                <ymin>40</ymin>
                <xmax>170</xmax>
                <ymax>107</ymax>
            </bndbox>
        </object>
    </annotation>
