<annotation>
    <folder>From-Labelbox-license-characters-593images</folder>
    <filename>ckie4nu6i0044246alieyhkq3.jpeg</filename>
    <path>/home/riotu/Object Detection/Datasets/Car-detection/License-characters/From-Labelbox-license-characters-593images/ckie4nu6i0044246alieyhkq3.jpeg</path>
    <source>
        <database>Unknown</database>
    </source>
    <size>
        <width>452</width>
        <height>212</height>
        <depth>3</depth>
    </size>
    <segmented>0</segmented>
    <object>
        <name>3</name>
        <pose>Unspecified</pose>
        <truncated>0</truncated>
        <difficult>0</difficult>
        <bndbox>
                <xmin>29</xmin>
                <ymin>32</ymin>
                <xmax>70</xmax>
                <ymax>196</ymax>
            </bndbox>
        </object>
    <object>
        <name>0</name>
        <pose>Unspecified</pose>
        <truncated>0</truncated>
        <difficult>0</difficult>
        <bndbox>
                <xmin>77</xmin>
                <ymin>59</ymin>
                <xmax>116</xmax>
                <ymax>193</ymax>
            </bndbox>
        </object>
    <object>
        <name>4</name>
        <pose>Unspecified</pose>
        <truncated>0</truncated>
        <difficult>0</difficult>
        <bndbox>
                <xmin>122</xmin>
                <ymin>31</ymin>
                <xmax>161</xmax>
                <ymax>189</ymax>
            </bndbox>
        </object>
    <object>
        <name>7</name>
        <pose>Unspecified</pose>
        <truncated>0</truncated>
        <difficult>0</difficult>
        <bndbox>
                <xmin>168</xmin>
                <ymin>32</ymin>
                <xmax>206</xmax>
                <ymax>189</ymax>
            </bndbox>
        </object>
    <object>
        <name>J</name>
        <pose>Unspecified</pose>
        <truncated>0</truncated>
        <difficult>0</difficult>
        <bndbox>
                <xmin>231</xmin>
                <ymin>45</ymin>
                <xmax>265</xmax>
                <ymax>177</ymax>
            </bndbox>
        </object>
    <object>
        <name>B</name>
        <pose>Unspecified</pose>
        <truncated>0</truncated>
        <difficult>0</difficult>
        <bndbox>
                <xmin>278</xmin>
                <ymin>58</ymin>
                <xmax>311</xmax>
                <ymax>179</ymax>
            </bndbox>
        </object>
    <object>
        <name>B</name>
        <pose>Unspecified</pose>
        <truncated>0</truncated>
        <difficult>0</difficult>
        <bndbox>
                <xmin>323</xmin>
                <ymin>57</ymin>
                <xmax>358</xmax>
                <ymax>179</ymax>
            </bndbox>
        </object>
    </annotation>
