<annotation>
    <folder>From-Labelbox-license-characters-593images</folder>
    <filename>ckie80g8i006e246axr874qph.jpeg</filename>
    <path>/home/riotu/Object Detection/Datasets/Car-detection/License-characters/From-Labelbox-license-characters-593images/ckie80g8i006e246axr874qph.jpeg</path>
    <source>
        <database>Unknown</database>
    </source>
    <size>
        <width>331</width>
        <height>175</height>
        <depth>3</depth>
    </size>
    <segmented>0</segmented>
    <object>
        <name>5</name>
        <pose>Unspecified</pose>
        <truncated>0</truncated>
        <difficult>0</difficult>
        <bndbox>
                <xmin>27</xmin>
                <ymin>36</ymin>
                <xmax>59</xmax>
                <ymax>157</ymax>
            </bndbox>
        </object>
    <object>
        <name>7</name>
        <pose>Unspecified</pose>
        <truncated>0</truncated>
        <difficult>0</difficult>
        <bndbox>
                <xmin>62</xmin>
                <ymin>26</ymin>
                <xmax>92</xmax>
                <ymax>159</ymax>
            </bndbox>
        </object>
    <object>
        <name>0</name>
        <pose>Unspecified</pose>
        <truncated>0</truncated>
        <difficult>0</difficult>
        <bndbox>
                <xmin>95</xmin>
                <ymin>45</ymin>
                <xmax>125</xmax>
                <ymax>156</ymax>
            </bndbox>
        </object>
    <object>
        <name>7</name>
        <pose>Unspecified</pose>
        <truncated>0</truncated>
        <difficult>0</difficult>
        <bndbox>
                <xmin>130</xmin>
                <ymin>25</ymin>
                <xmax>158</xmax>
                <ymax>157</ymax>
            </bndbox>
        </object>
    <object>
        <name>V</name>
        <pose>Unspecified</pose>
        <truncated>0</truncated>
        <difficult>0</difficult>
        <bndbox>
                <xmin>181</xmin>
                <ymin>34</ymin>
                <xmax>208</xmax>
                <ymax>147</ymax>
            </bndbox>
        </object>
    <object>
        <name>A</name>
        <pose>Unspecified</pose>
        <truncated>0</truncated>
        <difficult>0</difficult>
        <bndbox>
                <xmin>215</xmin>
                <ymin>33</ymin>
                <xmax>240</xmax>
                <ymax>145</ymax>
            </bndbox>
        </object>
    <object>
        <name>D</name>
        <pose>Unspecified</pose>
        <truncated>0</truncated>
        <difficult>0</difficult>
        <bndbox>
                <xmin>249</xmin>
                <ymin>40</ymin>
                <xmax>273</xmax>
                <ymax>143</ymax>
            </bndbox>
        </object>
    </annotation>
