<annotation>
    <folder>From-Labelbox-license-characters-593images</folder>
    <filename>ckie53l81004f246asa7cr98v.jpeg</filename>
    <path>/home/riotu/Object Detection/Datasets/Car-detection/License-characters/From-Labelbox-license-characters-593images/ckie53l81004f246asa7cr98v.jpeg</path>
    <source>
        <database>Unknown</database>
    </source>
    <size>
        <width>468</width>
        <height>242</height>
        <depth>3</depth>
    </size>
    <segmented>0</segmented>
    <object>
        <name>9</name>
        <pose>Unspecified</pose>
        <truncated>0</truncated>
        <difficult>0</difficult>
        <bndbox>
                <xmin>36</xmin>
                <ymin>45</ymin>
                <xmax>80</xmax>
                <ymax>214</ymax>
            </bndbox>
        </object>
    <object>
        <name>7</name>
        <pose>Unspecified</pose>
        <truncated>0</truncated>
        <difficult>0</difficult>
        <bndbox>
                <xmin>87</xmin>
                <ymin>41</ymin>
                <xmax>129</xmax>
                <ymax>212</ymax>
            </bndbox>
        </object>
    <object>
        <name>1</name>
        <pose>Unspecified</pose>
        <truncated>0</truncated>
        <difficult>0</difficult>
        <bndbox>
                <xmin>140</xmin>
                <ymin>39</ymin>
                <xmax>172</xmax>
                <ymax>212</ymax>
            </bndbox>
        </object>
    <object>
        <name>7</name>
        <pose>Unspecified</pose>
        <truncated>0</truncated>
        <difficult>0</difficult>
        <bndbox>
                <xmin>184</xmin>
                <ymin>35</ymin>
                <xmax>225</xmax>
                <ymax>207</ymax>
            </bndbox>
        </object>
    <object>
        <name>B</name>
        <pose>Unspecified</pose>
        <truncated>0</truncated>
        <difficult>0</difficult>
        <bndbox>
                <xmin>261</xmin>
                <ymin>60</ymin>
                <xmax>299</xmax>
                <ymax>193</ymax>
            </bndbox>
        </object>
    <object>
        <name>A</name>
        <pose>Unspecified</pose>
        <truncated>0</truncated>
        <difficult>0</difficult>
        <bndbox>
                <xmin>311</xmin>
                <ymin>42</ymin>
                <xmax>346</xmax>
                <ymax>188</ymax>
            </bndbox>
        </object>
    <object>
        <name>J</name>
        <pose>Unspecified</pose>
        <truncated>0</truncated>
        <difficult>0</difficult>
        <bndbox>
                <xmin>359</xmin>
                <ymin>38</ymin>
                <xmax>398</xmax>
                <ymax>184</ymax>
            </bndbox>
        </object>
    </annotation>
