<annotation>
    <folder>From-Labelbox-license-characters-593images</folder>
    <filename>ckie5nkao004s246anipo1hcx.jpeg</filename>
    <path>/home/riotu/Object Detection/Datasets/Car-detection/License-characters/From-Labelbox-license-characters-593images/ckie5nkao004s246anipo1hcx.jpeg</path>
    <source>
        <database>Unknown</database>
    </source>
    <size>
        <width>206</width>
        <height>110</height>
        <depth>3</depth>
    </size>
    <segmented>0</segmented>
    <object>
        <name>4</name>
        <pose>Unspecified</pose>
        <truncated>0</truncated>
        <difficult>0</difficult>
        <bndbox>
                <xmin>18</xmin>
                <ymin>13</ymin>
                <xmax>38</xmax>
                <ymax>99</ymax>
            </bndbox>
        </object>
    <object>
        <name>6</name>
        <pose>Unspecified</pose>
        <truncated>0</truncated>
        <difficult>0</difficult>
        <bndbox>
                <xmin>37</xmin>
                <ymin>13</ymin>
                <xmax>60</xmax>
                <ymax>100</ymax>
            </bndbox>
        </object>
    <object>
        <name>9</name>
        <pose>Unspecified</pose>
        <truncated>0</truncated>
        <difficult>0</difficult>
        <bndbox>
                <xmin>58</xmin>
                <ymin>13</ymin>
                <xmax>79</xmax>
                <ymax>101</ymax>
            </bndbox>
        </object>
    <object>
        <name>8</name>
        <pose>Unspecified</pose>
        <truncated>0</truncated>
        <difficult>0</difficult>
        <bndbox>
                <xmin>80</xmin>
                <ymin>14</ymin>
                <xmax>100</xmax>
                <ymax>101</ymax>
            </bndbox>
        </object>
    <object>
        <name>L</name>
        <pose>Unspecified</pose>
        <truncated>0</truncated>
        <difficult>0</difficult>
        <bndbox>
                <xmin>111</xmin>
                <ymin>22</ymin>
                <xmax>131</xmax>
                <ymax>97</ymax>
            </bndbox>
        </object>
    <object>
        <name>Z</name>
        <pose>Unspecified</pose>
        <truncated>0</truncated>
        <difficult>0</difficult>
        <bndbox>
                <xmin>133</xmin>
                <ymin>20</ymin>
                <xmax>151</xmax>
                <ymax>97</ymax>
            </bndbox>
        </object>
    <object>
        <name>J</name>
        <pose>Unspecified</pose>
        <truncated>0</truncated>
        <difficult>0</difficult>
        <bndbox>
                <xmin>152</xmin>
                <ymin>23</ymin>
                <xmax>171</xmax>
                <ymax>98</ymax>
            </bndbox>
        </object>
    </annotation>
