<annotation>
    <folder>From-Labelbox-license-characters-593images</folder>
    <filename>ckie4s8q10047246a1g2cttwc.jpeg</filename>
    <path>/home/riotu/Object Detection/Datasets/Car-detection/License-characters/From-Labelbox-license-characters-593images/ckie4s8q10047246a1g2cttwc.jpeg</path>
    <source>
        <database>Unknown</database>
    </source>
    <size>
        <width>412</width>
        <height>192</height>
        <depth>3</depth>
    </size>
    <segmented>0</segmented>
    <object>
        <name>9</name>
        <pose>Unspecified</pose>
        <truncated>0</truncated>
        <difficult>0</difficult>
        <bndbox>
                <xmin>26</xmin>
                <ymin>8</ymin>
                <xmax>61</xmax>
                <ymax>170</ymax>
            </bndbox>
        </object>
    <object>
        <name>2</name>
        <pose>Unspecified</pose>
        <truncated>0</truncated>
        <difficult>0</difficult>
        <bndbox>
                <xmin>69</xmin>
                <ymin>10</ymin>
                <xmax>105</xmax>
                <ymax>171</ymax>
            </bndbox>
        </object>
    <object>
        <name>4</name>
        <pose>Unspecified</pose>
        <truncated>0</truncated>
        <difficult>0</difficult>
        <bndbox>
                <xmin>110</xmin>
                <ymin>12</ymin>
                <xmax>146</xmax>
                <ymax>169</ymax>
            </bndbox>
        </object>
    <object>
        <name>6</name>
        <pose>Unspecified</pose>
        <truncated>0</truncated>
        <difficult>0</difficult>
        <bndbox>
                <xmin>151</xmin>
                <ymin>12</ymin>
                <xmax>186</xmax>
                <ymax>169</ymax>
            </bndbox>
        </object>
    <object>
        <name>D</name>
        <pose>Unspecified</pose>
        <truncated>0</truncated>
        <difficult>0</difficult>
        <bndbox>
                <xmin>209</xmin>
                <ymin>36</ymin>
                <xmax>243</xmax>
                <ymax>157</ymax>
            </bndbox>
        </object>
    <object>
        <name>T</name>
        <pose>Unspecified</pose>
        <truncated>0</truncated>
        <difficult>0</difficult>
        <bndbox>
                <xmin>254</xmin>
                <ymin>27</ymin>
                <xmax>286</xmax>
                <ymax>159</ymax>
            </bndbox>
        </object>
    <object>
        <name>A</name>
        <pose>Unspecified</pose>
        <truncated>0</truncated>
        <difficult>0</difficult>
        <bndbox>
                <xmin>293</xmin>
                <ymin>28</ymin>
                <xmax>322</xmax>
                <ymax>162</ymax>
            </bndbox>
        </object>
    </annotation>
