<annotation>
    <folder>From-Labelbox-license-characters-593images</folder>
    <filename>ckie7368i005p246aq9ugkokq.jpeg</filename>
    <path>/home/riotu/Object Detection/Datasets/Car-detection/License-characters/From-Labelbox-license-characters-593images/ckie7368i005p246aq9ugkokq.jpeg</path>
    <source>
        <database>Unknown</database>
    </source>
    <size>
        <width>320</width>
        <height>169</height>
        <depth>3</depth>
    </size>
    <segmented>0</segmented>
    <object>
        <name>8</name>
        <pose>Unspecified</pose>
        <truncated>0</truncated>
        <difficult>0</difficult>
        <bndbox>
                <xmin>31</xmin>
                <ymin>23</ymin>
                <xmax>58</xmax>
                <ymax>152</ymax>
            </bndbox>
        </object>
    <object>
        <name>2</name>
        <pose>Unspecified</pose>
        <truncated>0</truncated>
        <difficult>0</difficult>
        <bndbox>
                <xmin>64</xmin>
                <ymin>20</ymin>
                <xmax>92</xmax>
                <ymax>153</ymax>
            </bndbox>
        </object>
    <object>
        <name>3</name>
        <pose>Unspecified</pose>
        <truncated>0</truncated>
        <difficult>0</difficult>
        <bndbox>
                <xmin>98</xmin>
                <ymin>24</ymin>
                <xmax>126</xmax>
                <ymax>151</ymax>
            </bndbox>
        </object>
    <object>
        <name>3</name>
        <pose>Unspecified</pose>
        <truncated>0</truncated>
        <difficult>0</difficult>
        <bndbox>
                <xmin>131</xmin>
                <ymin>22</ymin>
                <xmax>159</xmax>
                <ymax>152</ymax>
            </bndbox>
        </object>
    <object>
        <name>T</name>
        <pose>Unspecified</pose>
        <truncated>0</truncated>
        <difficult>0</difficult>
        <bndbox>
                <xmin>179</xmin>
                <ymin>32</ymin>
                <xmax>202</xmax>
                <ymax>142</ymax>
            </bndbox>
        </object>
    <object>
        <name>Z</name>
        <pose>Unspecified</pose>
        <truncated>0</truncated>
        <difficult>0</difficult>
        <bndbox>
                <xmin>215</xmin>
                <ymin>32</ymin>
                <xmax>238</xmax>
                <ymax>142</ymax>
            </bndbox>
        </object>
    <object>
        <name>J</name>
        <pose>Unspecified</pose>
        <truncated>0</truncated>
        <difficult>0</difficult>
        <bndbox>
                <xmin>247</xmin>
                <ymin>31</ymin>
                <xmax>272</xmax>
                <ymax>142</ymax>
            </bndbox>
        </object>
    </annotation>
