<annotation>
    <folder>From-Labelbox-license-characters-593images</folder>
    <filename>ckie617cz0051246auopbaduu.jpeg</filename>
    <path>/home/riotu/Object Detection/Datasets/Car-detection/License-characters/From-Labelbox-license-characters-593images/ckie617cz0051246auopbaduu.jpeg</path>
    <source>
        <database>Unknown</database>
    </source>
    <size>
        <width>328</width>
        <height>176</height>
        <depth>3</depth>
    </size>
    <segmented>0</segmented>
    <object>
        <name>2</name>
        <pose>Unspecified</pose>
        <truncated>0</truncated>
        <difficult>0</difficult>
        <bndbox>
                <xmin>26</xmin>
                <ymin>21</ymin>
                <xmax>58</xmax>
                <ymax>156</ymax>
            </bndbox>
        </object>
    <object>
        <name>9</name>
        <pose>Unspecified</pose>
        <truncated>0</truncated>
        <difficult>0</difficult>
        <bndbox>
                <xmin>63</xmin>
                <ymin>19</ymin>
                <xmax>91</xmax>
                <ymax>157</ymax>
            </bndbox>
        </object>
    <object>
        <name>4</name>
        <pose>Unspecified</pose>
        <truncated>0</truncated>
        <difficult>0</difficult>
        <bndbox>
                <xmin>99</xmin>
                <ymin>20</ymin>
                <xmax>129</xmax>
                <ymax>157</ymax>
            </bndbox>
        </object>
    <object>
        <name>8</name>
        <pose>Unspecified</pose>
        <truncated>0</truncated>
        <difficult>0</difficult>
        <bndbox>
                <xmin>135</xmin>
                <ymin>21</ymin>
                <xmax>163</xmax>
                <ymax>157</ymax>
            </bndbox>
        </object>
    <object>
        <name>U</name>
        <pose>Unspecified</pose>
        <truncated>0</truncated>
        <difficult>0</difficult>
        <bndbox>
                <xmin>184</xmin>
                <ymin>36</ymin>
                <xmax>211</xmax>
                <ymax>147</ymax>
            </bndbox>
        </object>
    <object>
        <name>R</name>
        <pose>Unspecified</pose>
        <truncated>0</truncated>
        <difficult>0</difficult>
        <bndbox>
                <xmin>220</xmin>
                <ymin>43</ymin>
                <xmax>244</xmax>
                <ymax>147</ymax>
            </bndbox>
        </object>
    <object>
        <name>D</name>
        <pose>Unspecified</pose>
        <truncated>0</truncated>
        <difficult>0</difficult>
        <bndbox>
                <xmin>255</xmin>
                <ymin>42</ymin>
                <xmax>280</xmax>
                <ymax>149</ymax>
            </bndbox>
        </object>
    </annotation>
