<annotation>
    <folder>From-Labelbox-license-characters-593images</folder>
    <filename>ckie70m22005n246abm69thgy.jpeg</filename>
    <path>/home/riotu/Object Detection/Datasets/Car-detection/License-characters/From-Labelbox-license-characters-593images/ckie70m22005n246abm69thgy.jpeg</path>
    <source>
        <database>Unknown</database>
    </source>
    <size>
        <width>552</width>
        <height>137</height>
        <depth>3</depth>
    </size>
    <segmented>0</segmented>
    <object>
        <name>6</name>
        <pose>Unspecified</pose>
        <truncated>0</truncated>
        <difficult>0</difficult>
        <bndbox>
                <xmin>106</xmin>
                <ymin>16</ymin>
                <xmax>130</xmax>
                <ymax>111</ymax>
            </bndbox>
        </object>
    <object>
        <name>4</name>
        <pose>Unspecified</pose>
        <truncated>0</truncated>
        <difficult>0</difficult>
        <bndbox>
                <xmin>154</xmin>
                <ymin>17</ymin>
                <xmax>178</xmax>
                <ymax>115</ymax>
            </bndbox>
        </object>
    <object>
        <name>1</name>
        <pose>Unspecified</pose>
        <truncated>0</truncated>
        <difficult>0</difficult>
        <bndbox>
                <xmin>204</xmin>
                <ymin>19</ymin>
                <xmax>227</xmax>
                <ymax>116</ymax>
            </bndbox>
        </object>
    <object>
        <name>B</name>
        <pose>Unspecified</pose>
        <truncated>0</truncated>
        <difficult>0</difficult>
        <bndbox>
                <xmin>315</xmin>
                <ymin>34</ymin>
                <xmax>347</xmax>
                <ymax>119</ymax>
            </bndbox>
        </object>
    <object>
        <name>B</name>
        <pose>Unspecified</pose>
        <truncated>0</truncated>
        <difficult>0</difficult>
        <bndbox>
                <xmin>364</xmin>
                <ymin>36</ymin>
                <xmax>393</xmax>
                <ymax>118</ymax>
            </bndbox>
        </object>
    <object>
        <name>B</name>
        <pose>Unspecified</pose>
        <truncated>0</truncated>
        <difficult>0</difficult>
        <bndbox>
                <xmin>412</xmin>
                <ymin>36</ymin>
                <xmax>441</xmax>
                <ymax>119</ymax>
            </bndbox>
        </object>
    </annotation>
