<annotation>
    <folder>From-Labelbox-license-characters-593images</folder>
    <filename>ckie5e0an004m246au3hmya6z.jpeg</filename>
    <path>/home/riotu/Object Detection/Datasets/Car-detection/License-characters/From-Labelbox-license-characters-593images/ckie5e0an004m246au3hmya6z.jpeg</path>
    <source>
        <database>Unknown</database>
    </source>
    <size>
        <width>411</width>
        <height>193</height>
        <depth>3</depth>
    </size>
    <segmented>0</segmented>
    <object>
        <name>3</name>
        <pose>Unspecified</pose>
        <truncated>0</truncated>
        <difficult>0</difficult>
        <bndbox>
                <xmin>24</xmin>
                <ymin>30</ymin>
                <xmax>59</xmax>
                <ymax>180</ymax>
            </bndbox>
        </object>
    <object>
        <name>7</name>
        <pose>Unspecified</pose>
        <truncated>0</truncated>
        <difficult>0</difficult>
        <bndbox>
                <xmin>65</xmin>
                <ymin>28</ymin>
                <xmax>101</xmax>
                <ymax>179</ymax>
            </bndbox>
        </object>
    <object>
        <name>9</name>
        <pose>Unspecified</pose>
        <truncated>0</truncated>
        <difficult>0</difficult>
        <bndbox>
                <xmin>108</xmin>
                <ymin>27</ymin>
                <xmax>143</xmax>
                <ymax>177</ymax>
            </bndbox>
        </object>
    <object>
        <name>5</name>
        <pose>Unspecified</pose>
        <truncated>0</truncated>
        <difficult>0</difficult>
        <bndbox>
                <xmin>150</xmin>
                <ymin>38</ymin>
                <xmax>186</xmax>
                <ymax>176</ymax>
            </bndbox>
        </object>
    <object>
        <name>E</name>
        <pose>Unspecified</pose>
        <truncated>0</truncated>
        <difficult>0</difficult>
        <bndbox>
                <xmin>210</xmin>
                <ymin>35</ymin>
                <xmax>243</xmax>
                <ymax>165</ymax>
            </bndbox>
        </object>
    <object>
        <name>A</name>
        <pose>Unspecified</pose>
        <truncated>0</truncated>
        <difficult>0</difficult>
        <bndbox>
                <xmin>294</xmin>
                <ymin>33</ymin>
                <xmax>323</xmax>
                <ymax>163</ymax>
            </bndbox>
        </object>
    <object>
        <name>X</name>
        <pose>Unspecified</pose>
        <truncated>0</truncated>
        <difficult>0</difficult>
        <bndbox>
                <xmin>251</xmin>
                <ymin>41</ymin>
                <xmax>285</xmax>
                <ymax>166</ymax>
            </bndbox>
        </object>
    </annotation>
