<annotation>
    <folder>From-Labelbox-license-characters-593images</folder>
    <filename>ckie6e89n005b246a7z574kf2.jpeg</filename>
    <path>/home/riotu/Object Detection/Datasets/Car-detection/License-characters/From-Labelbox-license-characters-593images/ckie6e89n005b246a7z574kf2.jpeg</path>
    <source>
        <database>Unknown</database>
    </source>
    <size>
        <width>367</width>
        <height>114</height>
        <depth>3</depth>
    </size>
    <segmented>0</segmented>
    <object>
        <name>2</name>
        <pose>Unspecified</pose>
        <truncated>0</truncated>
        <difficult>0</difficult>
        <bndbox>
                <xmin>35</xmin>
                <ymin>10</ymin>
                <xmax>51</xmax>
                <ymax>77</ymax>
            </bndbox>
        </object>
    <object>
        <name>2</name>
        <pose>Unspecified</pose>
        <truncated>0</truncated>
        <difficult>0</difficult>
        <bndbox>
                <xmin>63</xmin>
                <ymin>12</ymin>
                <xmax>80</xmax>
                <ymax>80</ymax>
            </bndbox>
        </object>
    <object>
        <name>6</name>
        <pose>Unspecified</pose>
        <truncated>0</truncated>
        <difficult>0</difficult>
        <bndbox>
                <xmin>96</xmin>
                <ymin>14</ymin>
                <xmax>109</xmax>
                <ymax>83</ymax>
            </bndbox>
        </object>
    <object>
        <name>0</name>
        <pose>Unspecified</pose>
        <truncated>0</truncated>
        <difficult>0</difficult>
        <bndbox>
                <xmin>124</xmin>
                <ymin>29</ymin>
                <xmax>139</xmax>
                <ymax>87</ymax>
            </bndbox>
        </object>
    <object>
        <name>G</name>
        <pose>Unspecified</pose>
        <truncated>0</truncated>
        <difficult>0</difficult>
        <bndbox>
                <xmin>240</xmin>
                <ymin>29</ymin>
                <xmax>260</xmax>
                <ymax>95</ymax>
            </bndbox>
        </object>
    <object>
        <name>V</name>
        <pose>Unspecified</pose>
        <truncated>0</truncated>
        <difficult>0</difficult>
        <bndbox>
                <xmin>272</xmin>
                <ymin>31</ymin>
                <xmax>294</xmax>
                <ymax>98</ymax>
            </bndbox>
        </object>
    <object>
        <name>J</name>
        <pose>Unspecified</pose>
        <truncated>0</truncated>
        <difficult>0</difficult>
        <bndbox>
                <xmin>306</xmin>
                <ymin>32</ymin>
                <xmax>329</xmax>
                <ymax>101</ymax>
            </bndbox>
        </object>
    </annotation>
