<annotation>
    <folder>From-Labelbox-license-characters-593images</folder>
    <filename>ckie7k4v60062246ak7h03rqp.jpeg</filename>
    <path>/home/riotu/Object Detection/Datasets/Car-detection/License-characters/From-Labelbox-license-characters-593images/ckie7k4v60062246ak7h03rqp.jpeg</path>
    <source>
        <database>Unknown</database>
    </source>
    <size>
        <width>240</width>
        <height>141</height>
        <depth>3</depth>
    </size>
    <segmented>0</segmented>
    <object>
        <name>3</name>
        <pose>Unspecified</pose>
        <truncated>0</truncated>
        <difficult>0</difficult>
        <bndbox>
                <xmin>18</xmin>
                <ymin>18</ymin>
                <xmax>37</xmax>
                <ymax>123</ymax>
            </bndbox>
        </object>
    <object>
        <name>1</name>
        <pose>Unspecified</pose>
        <truncated>0</truncated>
        <difficult>0</difficult>
        <bndbox>
                <xmin>42</xmin>
                <ymin>19</ymin>
                <xmax>60</xmax>
                <ymax>125</ymax>
            </bndbox>
        </object>
    <object>
        <name>0</name>
        <pose>Unspecified</pose>
        <truncated>0</truncated>
        <difficult>0</difficult>
        <bndbox>
                <xmin>65</xmin>
                <ymin>36</ymin>
                <xmax>84</xmax>
                <ymax>125</ymax>
            </bndbox>
        </object>
    <object>
        <name>5</name>
        <pose>Unspecified</pose>
        <truncated>0</truncated>
        <difficult>0</difficult>
        <bndbox>
                <xmin>87</xmin>
                <ymin>27</ymin>
                <xmax>108</xmax>
                <ymax>124</ymax>
            </bndbox>
        </object>
    <object>
        <name>B</name>
        <pose>Unspecified</pose>
        <truncated>0</truncated>
        <difficult>0</difficult>
        <bndbox>
                <xmin>122</xmin>
                <ymin>37</ymin>
                <xmax>142</xmax>
                <ymax>119</ymax>
            </bndbox>
        </object>
    <object>
        <name>S</name>
        <pose>Unspecified</pose>
        <truncated>0</truncated>
        <difficult>0</difficult>
        <bndbox>
                <xmin>145</xmin>
                <ymin>36</ymin>
                <xmax>164</xmax>
                <ymax>118</ymax>
            </bndbox>
        </object>
    <object>
        <name>B</name>
        <pose>Unspecified</pose>
        <truncated>0</truncated>
        <difficult>0</difficult>
        <bndbox>
                <xmin>168</xmin>
                <ymin>36</ymin>
                <xmax>189</xmax>
                <ymax>118</ymax>
            </bndbox>
        </object>
    </annotation>
