<annotation>
    <folder>From-Labelbox-license-characters-593images</folder>
    <filename>ckie4ye5z004b246anlr82e9x.jpeg</filename>
    <path>/home/riotu/Object Detection/Datasets/Car-detection/License-characters/From-Labelbox-license-characters-593images/ckie4ye5z004b246anlr82e9x.jpeg</path>
    <source>
        <database>Unknown</database>
    </source>
    <size>
        <width>461</width>
        <height>233</height>
        <depth>3</depth>
    </size>
    <segmented>0</segmented>
    <object>
        <name>4</name>
        <pose>Unspecified</pose>
        <truncated>0</truncated>
        <difficult>0</difficult>
        <bndbox>
                <xmin>35</xmin>
                <ymin>23</ymin>
                <xmax>74</xmax>
                <ymax>211</ymax>
            </bndbox>
        </object>
    <object>
        <name>6</name>
        <pose>Unspecified</pose>
        <truncated>0</truncated>
        <difficult>0</difficult>
        <bndbox>
                <xmin>82</xmin>
                <ymin>24</ymin>
                <xmax>122</xmax>
                <ymax>209</ymax>
            </bndbox>
        </object>
    <object>
        <name>9</name>
        <pose>Unspecified</pose>
        <truncated>0</truncated>
        <difficult>0</difficult>
        <bndbox>
                <xmin>130</xmin>
                <ymin>20</ymin>
                <xmax>168</xmax>
                <ymax>209</ymax>
            </bndbox>
        </object>
    <object>
        <name>8</name>
        <pose>Unspecified</pose>
        <truncated>0</truncated>
        <difficult>0</difficult>
        <bndbox>
                <xmin>180</xmin>
                <ymin>21</ymin>
                <xmax>215</xmax>
                <ymax>207</ymax>
            </bndbox>
        </object>
    <object>
        <name>L</name>
        <pose>Unspecified</pose>
        <truncated>0</truncated>
        <difficult>0</difficult>
        <bndbox>
                <xmin>257</xmin>
                <ymin>36</ymin>
                <xmax>292</xmax>
                <ymax>195</ymax>
            </bndbox>
        </object>
    <object>
        <name>Z</name>
        <pose>Unspecified</pose>
        <truncated>0</truncated>
        <difficult>0</difficult>
        <bndbox>
                <xmin>303</xmin>
                <ymin>36</ymin>
                <xmax>337</xmax>
                <ymax>197</ymax>
            </bndbox>
        </object>
    <object>
        <name>J</name>
        <pose>Unspecified</pose>
        <truncated>0</truncated>
        <difficult>0</difficult>
        <bndbox>
                <xmin>352</xmin>
                <ymin>38</ymin>
                <xmax>387</xmax>
                <ymax>195</ymax>
            </bndbox>
        </object>
    </annotation>
