<annotation>
    <folder>From-Labelbox-license-characters-593images</folder>
    <filename>ckie44v5g003v246ao0mrfwfv.jpeg</filename>
    <path>/home/riotu/Object Detection/Datasets/Car-detection/License-characters/From-Labelbox-license-characters-593images/ckie44v5g003v246ao0mrfwfv.jpeg</path>
    <source>
        <database>Unknown</database>
    </source>
    <size>
        <width>384</width>
        <height>205</height>
        <depth>3</depth>
    </size>
    <segmented>0</segmented>
    <object>
        <name>7</name>
        <pose>Unspecified</pose>
        <truncated>0</truncated>
        <difficult>0</difficult>
        <bndbox>
                <xmin>30</xmin>
                <ymin>30</ymin>
                <xmax>64</xmax>
                <ymax>186</ymax>
            </bndbox>
        </object>
    <object>
        <name>8</name>
        <pose>Unspecified</pose>
        <truncated>0</truncated>
        <difficult>0</difficult>
        <bndbox>
                <xmin>72</xmin>
                <ymin>27</ymin>
                <xmax>104</xmax>
                <ymax>186</ymax>
            </bndbox>
        </object>
    <object>
        <name>3</name>
        <pose>Unspecified</pose>
        <truncated>0</truncated>
        <difficult>0</difficult>
        <bndbox>
                <xmin>112</xmin>
                <ymin>26</ymin>
                <xmax>144</xmax>
                <ymax>184</ymax>
            </bndbox>
        </object>
    <object>
        <name>6</name>
        <pose>Unspecified</pose>
        <truncated>0</truncated>
        <difficult>0</difficult>
        <bndbox>
                <xmin>149</xmin>
                <ymin>26</ymin>
                <xmax>185</xmax>
                <ymax>184</ymax>
            </bndbox>
        </object>
    <object>
        <name>V</name>
        <pose>Unspecified</pose>
        <truncated>0</truncated>
        <difficult>0</difficult>
        <bndbox>
                <xmin>211</xmin>
                <ymin>39</ymin>
                <xmax>242</xmax>
                <ymax>172</ymax>
            </bndbox>
        </object>
    <object>
        <name>X</name>
        <pose>Unspecified</pose>
        <truncated>0</truncated>
        <difficult>0</difficult>
        <bndbox>
                <xmin>252</xmin>
                <ymin>45</ymin>
                <xmax>282</xmax>
                <ymax>170</ymax>
            </bndbox>
        </object>
    <object>
        <name>J</name>
        <pose>Unspecified</pose>
        <truncated>0</truncated>
        <difficult>0</difficult>
        <bndbox>
                <xmin>293</xmin>
                <ymin>36</ymin>
                <xmax>324</xmax>
                <ymax>169</ymax>
            </bndbox>
        </object>
    </annotation>
