<annotation>
    <folder>From-Labelbox-license-characters-593images</folder>
    <filename>ckie41hys003t246a24wo5uj8.jpeg</filename>
    <path>/home/riotu/Object Detection/Datasets/Car-detection/License-characters/From-Labelbox-license-characters-593images/ckie41hys003t246a24wo5uj8.jpeg</path>
    <source>
        <database>Unknown</database>
    </source>
    <size>
        <width>362</width>
        <height>182</height>
        <depth>3</depth>
    </size>
    <segmented>0</segmented>
    <object>
        <name>2</name>
        <pose>Unspecified</pose>
        <truncated>0</truncated>
        <difficult>0</difficult>
        <bndbox>
                <xmin>19</xmin>
                <ymin>30</ymin>
                <xmax>53</xmax>
                <ymax>168</ymax>
            </bndbox>
        </object>
    <object>
        <name>4</name>
        <pose>Unspecified</pose>
        <truncated>0</truncated>
        <difficult>0</difficult>
        <bndbox>
                <xmin>58</xmin>
                <ymin>32</ymin>
                <xmax>89</xmax>
                <ymax>165</ymax>
            </bndbox>
        </object>
    <object>
        <name>7</name>
        <pose>Unspecified</pose>
        <truncated>0</truncated>
        <difficult>0</difficult>
        <bndbox>
                <xmin>96</xmin>
                <ymin>31</ymin>
                <xmax>129</xmax>
                <ymax>164</ymax>
            </bndbox>
        </object>
    <object>
        <name>4</name>
        <pose>Unspecified</pose>
        <truncated>0</truncated>
        <difficult>0</difficult>
        <bndbox>
                <xmin>133</xmin>
                <ymin>29</ymin>
                <xmax>164</xmax>
                <ymax>162</ymax>
            </bndbox>
        </object>
    <object>
        <name>B</name>
        <pose>Unspecified</pose>
        <truncated>0</truncated>
        <difficult>0</difficult>
        <bndbox>
                <xmin>186</xmin>
                <ymin>50</ymin>
                <xmax>217</xmax>
                <ymax>152</ymax>
            </bndbox>
        </object>
    <object>
        <name>L</name>
        <pose>Unspecified</pose>
        <truncated>0</truncated>
        <difficult>0</difficult>
        <bndbox>
                <xmin>224</xmin>
                <ymin>39</ymin>
                <xmax>251</xmax>
                <ymax>149</ymax>
            </bndbox>
        </object>
    <object>
        <name>B</name>
        <pose>Unspecified</pose>
        <truncated>0</truncated>
        <difficult>0</difficult>
        <bndbox>
                <xmin>259</xmin>
                <ymin>47</ymin>
                <xmax>289</xmax>
                <ymax>149</ymax>
            </bndbox>
        </object>
    </annotation>
