<annotation>
    <folder>From-Labelbox-license-characters-593images</folder>
    <filename>ckie6wnuz005k246aork7f0te.jpeg</filename>
    <path>/home/riotu/Object Detection/Datasets/Car-detection/License-characters/From-Labelbox-license-characters-593images/ckie6wnuz005k246aork7f0te.jpeg</path>
    <source>
        <database>Unknown</database>
    </source>
    <size>
        <width>223</width>
        <height>135</height>
        <depth>3</depth>
    </size>
    <segmented>0</segmented>
    <object>
        <name>5</name>
        <pose>Unspecified</pose>
        <truncated>0</truncated>
        <difficult>0</difficult>
        <bndbox>
                <xmin>16</xmin>
                <ymin>26</ymin>
                <xmax>35</xmax>
                <ymax>112</ymax>
            </bndbox>
        </object>
    <object>
        <name>0</name>
        <pose>Unspecified</pose>
        <truncated>0</truncated>
        <difficult>0</difficult>
        <bndbox>
                <xmin>39</xmin>
                <ymin>35</ymin>
                <xmax>59</xmax>
                <ymax>114</ymax>
            </bndbox>
        </object>
    <object>
        <name>0</name>
        <pose>Unspecified</pose>
        <truncated>0</truncated>
        <difficult>0</difficult>
        <bndbox>
                <xmin>62</xmin>
                <ymin>37</ymin>
                <xmax>81</xmax>
                <ymax>116</ymax>
            </bndbox>
        </object>
    <object>
        <name>2</name>
        <pose>Unspecified</pose>
        <truncated>0</truncated>
        <difficult>0</difficult>
        <bndbox>
                <xmin>84</xmin>
                <ymin>23</ymin>
                <xmax>104</xmax>
                <ymax>119</ymax>
            </bndbox>
        </object>
    <object>
        <name>L</name>
        <pose>Unspecified</pose>
        <truncated>0</truncated>
        <difficult>0</difficult>
        <bndbox>
                <xmin>117</xmin>
                <ymin>33</ymin>
                <xmax>134</xmax>
                <ymax>114</ymax>
            </bndbox>
        </object>
    <object>
        <name>N</name>
        <pose>Unspecified</pose>
        <truncated>0</truncated>
        <difficult>0</difficult>
        <bndbox>
                <xmin>140</xmin>
                <ymin>34</ymin>
                <xmax>158</xmax>
                <ymax>116</ymax>
            </bndbox>
        </object>
    <object>
        <name>A</name>
        <pose>Unspecified</pose>
        <truncated>0</truncated>
        <difficult>0</difficult>
        <bndbox>
                <xmin>162</xmin>
                <ymin>37</ymin>
                <xmax>179</xmax>
                <ymax>118</ymax>
            </bndbox>
        </object>
    </annotation>
