<annotation>
    <folder>From-Labelbox-license-characters-593images</folder>
    <filename>ckie5lqpr004r246afbu6clv0.jpeg</filename>
    <path>/home/riotu/Object Detection/Datasets/Car-detection/License-characters/From-Labelbox-license-characters-593images/ckie5lqpr004r246afbu6clv0.jpeg</path>
    <source>
        <database>Unknown</database>
    </source>
    <size>
        <width>403</width>
        <height>231</height>
        <depth>3</depth>
    </size>
    <segmented>0</segmented>
    <object>
        <name>9</name>
        <pose>Unspecified</pose>
        <truncated>0</truncated>
        <difficult>0</difficult>
        <bndbox>
                <xmin>31</xmin>
                <ymin>40</ymin>
                <xmax>73</xmax>
                <ymax>211</ymax>
            </bndbox>
        </object>
    <object>
        <name>7</name>
        <pose>Unspecified</pose>
        <truncated>0</truncated>
        <difficult>0</difficult>
        <bndbox>
                <xmin>75</xmin>
                <ymin>40</ymin>
                <xmax>115</xmax>
                <ymax>209</ymax>
            </bndbox>
        </object>
    <object>
        <name>1</name>
        <pose>Unspecified</pose>
        <truncated>0</truncated>
        <difficult>0</difficult>
        <bndbox>
                <xmin>123</xmin>
                <ymin>38</ymin>
                <xmax>154</xmax>
                <ymax>206</ymax>
            </bndbox>
        </object>
    <object>
        <name>7</name>
        <pose>Unspecified</pose>
        <truncated>0</truncated>
        <difficult>0</difficult>
        <bndbox>
                <xmin>159</xmin>
                <ymin>34</ymin>
                <xmax>197</xmax>
                <ymax>204</ymax>
            </bndbox>
        </object>
    <object>
        <name>B</name>
        <pose>Unspecified</pose>
        <truncated>0</truncated>
        <difficult>0</difficult>
        <bndbox>
                <xmin>226</xmin>
                <ymin>59</ymin>
                <xmax>261</xmax>
                <ymax>190</ymax>
            </bndbox>
        </object>
    <object>
        <name>A</name>
        <pose>Unspecified</pose>
        <truncated>0</truncated>
        <difficult>0</difficult>
        <bndbox>
                <xmin>275</xmin>
                <ymin>41</ymin>
                <xmax>305</xmax>
                <ymax>184</ymax>
            </bndbox>
        </object>
    <object>
        <name>J</name>
        <pose>Unspecified</pose>
        <truncated>0</truncated>
        <difficult>0</difficult>
        <bndbox>
                <xmin>311</xmin>
                <ymin>39</ymin>
                <xmax>346</xmax>
                <ymax>181</ymax>
            </bndbox>
        </object>
    </annotation>
