<annotation>
    <folder>From-Labelbox-license-characters-593images</folder>
    <filename>ckie7lbdq0063246a5oe40sof.jpeg</filename>
    <path>/home/riotu/Object Detection/Datasets/Car-detection/License-characters/From-Labelbox-license-characters-593images/ckie7lbdq0063246a5oe40sof.jpeg</path>
    <source>
        <database>Unknown</database>
    </source>
    <size>
        <width>486</width>
        <height>112</height>
        <depth>3</depth>
    </size>
    <segmented>0</segmented>
    <object>
        <name>1</name>
        <pose>Unspecified</pose>
        <truncated>0</truncated>
        <difficult>0</difficult>
        <bndbox>
                <xmin>44</xmin>
                <ymin>13</ymin>
                <xmax>66</xmax>
                <ymax>99</ymax>
            </bndbox>
        </object>
    <object>
        <name>1</name>
        <pose>Unspecified</pose>
        <truncated>0</truncated>
        <difficult>0</difficult>
        <bndbox>
                <xmin>85</xmin>
                <ymin>17</ymin>
                <xmax>109</xmax>
                <ymax>99</ymax>
            </bndbox>
        </object>
    <object>
        <name>1</name>
        <pose>Unspecified</pose>
        <truncated>0</truncated>
        <difficult>0</difficult>
        <bndbox>
                <xmin>128</xmin>
                <ymin>15</ymin>
                <xmax>151</xmax>
                <ymax>101</ymax>
            </bndbox>
        </object>
    <object>
        <name>2</name>
        <pose>Unspecified</pose>
        <truncated>0</truncated>
        <difficult>0</difficult>
        <bndbox>
                <xmin>168</xmin>
                <ymin>16</ymin>
                <xmax>192</xmax>
                <ymax>98</ymax>
            </bndbox>
        </object>
    <object>
        <name>S</name>
        <pose>Unspecified</pose>
        <truncated>0</truncated>
        <difficult>0</difficult>
        <bndbox>
                <xmin>329</xmin>
                <ymin>25</ymin>
                <xmax>353</xmax>
                <ymax>101</ymax>
            </bndbox>
        </object>
    <object>
        <name>D</name>
        <pose>Unspecified</pose>
        <truncated>0</truncated>
        <difficult>0</difficult>
        <bndbox>
                <xmin>370</xmin>
                <ymin>26</ymin>
                <xmax>394</xmax>
                <ymax>100</ymax>
            </bndbox>
        </object>
    <object>
        <name>D</name>
        <pose>Unspecified</pose>
        <truncated>0</truncated>
        <difficult>0</difficult>
        <bndbox>
                <xmin>413</xmin>
                <ymin>26</ymin>
                <xmax>442</xmax>
                <ymax>99</ymax>
            </bndbox>
        </object>
    </annotation>
