<annotation>
    <folder>From-Labelbox-license-characters-593images</folder>
    <filename>ckie66fr50055246a5z432tdp.jpeg</filename>
    <path>/home/riotu/Object Detection/Datasets/Car-detection/License-characters/From-Labelbox-license-characters-593images/ckie66fr50055246a5z432tdp.jpeg</path>
    <source>
        <database>Unknown</database>
    </source>
    <size>
        <width>369</width>
        <height>186</height>
        <depth>3</depth>
    </size>
    <segmented>0</segmented>
    <object>
        <name>9</name>
        <pose>Unspecified</pose>
        <truncated>0</truncated>
        <difficult>0</difficult>
        <bndbox>
                <xmin>23</xmin>
                <ymin>18</ymin>
                <xmax>54</xmax>
                <ymax>162</ymax>
            </bndbox>
        </object>
    <object>
        <name>1</name>
        <pose>Unspecified</pose>
        <truncated>0</truncated>
        <difficult>0</difficult>
        <bndbox>
                <xmin>66</xmin>
                <ymin>20</ymin>
                <xmax>89</xmax>
                <ymax>163</ymax>
            </bndbox>
        </object>
    <object>
        <name>1</name>
        <pose>Unspecified</pose>
        <truncated>0</truncated>
        <difficult>0</difficult>
        <bndbox>
                <xmin>106</xmin>
                <ymin>21</ymin>
                <xmax>126</xmax>
                <ymax>163</ymax>
            </bndbox>
        </object>
    <object>
        <name>6</name>
        <pose>Unspecified</pose>
        <truncated>0</truncated>
        <difficult>0</difficult>
        <bndbox>
                <xmin>138</xmin>
                <ymin>19</ymin>
                <xmax>171</xmax>
                <ymax>161</ymax>
            </bndbox>
        </object>
    <object>
        <name>S</name>
        <pose>Unspecified</pose>
        <truncated>0</truncated>
        <difficult>0</difficult>
        <bndbox>
                <xmin>190</xmin>
                <ymin>43</ymin>
                <xmax>219</xmax>
                <ymax>151</ymax>
            </bndbox>
        </object>
    <object>
        <name>L</name>
        <pose>Unspecified</pose>
        <truncated>0</truncated>
        <difficult>0</difficult>
        <bndbox>
                <xmin>231</xmin>
                <ymin>33</ymin>
                <xmax>258</xmax>
                <ymax>152</ymax>
            </bndbox>
        </object>
    <object>
        <name>B</name>
        <pose>Unspecified</pose>
        <truncated>0</truncated>
        <difficult>0</difficult>
        <bndbox>
                <xmin>269</xmin>
                <ymin>45</ymin>
                <xmax>296</xmax>
                <ymax>153</ymax>
            </bndbox>
        </object>
    </annotation>
